insurance_id,first_name,last_name,email_addr,zip_code
3565672438099803,Carl,Geekie,cgeekie0@si.edu,4930-250
3532071131739049,Aharon,Dybbe,adybbe1@salon.com,
3589229491388573,Kaitlin,De Wolfe,kdewolfe2@naver.com,
3548305120798976,Damita,Cristoferi,dcristoferi3@google.pl,3700
6331104290674867,Abdel,Antao,aantao4@apple.com,94129 CEDEX
3542616375989110,Kristina,Hawgood,khawgood5@mtv.com,
3549207249762074,Jorry,Belton,jbelton6@livejournal.com,
5610649126130231,Bailey,Richemond,brichemond7@noaa.gov,
493615788039776731,Eben,Blonfield,eblonfield8@furl.net,
6391400182808804,Adriena,Apfler,aapfler9@un.org,34404 CEDEX
6375782317124821,Lorrie,Brinson,lbrinsona@weather.com,
30109937077033,Fredelia,Smardon,fsmardonb@washingtonpost.com,5120-504
5100173695465784,Doralynne,Stelle,dstellec@studiopress.com,
30122448402681,Marcellina,Blamphin,mblamphind@w3.org,694424
4508100410733312,Kira,Ivushkin,kivushkine@craigslist.org,
3582827162308767,Meridith,Maro,mmarof@bravesites.com,
5438708480154888,Kamillah,Abrahamovitz,kabrahamovitzg@army.mil,
5048376974588573,Dayle,Novichenko,dnovichenkoh@timesonline.co.uk,95940-000
3564301565152059,Nicko,Gunther,nguntheri@cnet.com,
630453149033966228,Pennie,Layborn,playbornj@cbslocal.com,
372301116543176,Fionna,Stitt,fstittk@themeforest.net,42304 CEDEX
060495324488624669,Selena,Meake,smeakel@youku.com,
3565964787764115,Gannie,Broady,gbroadym@nifty.com,29795-000
5010127022890592,Harry,Deakan,hdeakann@sfgate.com,
4041592399865475,Mercie,Taaffe,mtaaffeo@dagondesign.com,445590
6706619505447111,Maddalena,Yarrow,myarrowp@people.com.cn,
4844173951379194,Marys,Bunn,mbunnq@mediafire.com,
4041590679543887,Casandra,Caudell,ccaudellr@smugmug.com,
3580153298466243,Skipp,Stittle,sstittles@linkedin.com,
3530651211165926,Bennie,McTerrelly,bmcterrellyt@paypal.com,
3534182674470773,Buddie,Mc Ilwrick,bmcilwricku@cnbc.com,77986 CEDEX
5303639140377555,Nellie,Ayers,nayersv@admin.ch,
5465543994357792,Tynan,Vasilchikov,tvasilchikovw@usnews.com,
3561863761580436,Gery,Bessett,gbessettx@sun.com,6615
633110440896306951,Carma,Segar,csegary@latimes.com,111 46
3542464272745990,Ariella,Lamzed,alamzedz@forbes.com,
3541132538765901,Larry,Burwell,lburwell10@scientificamerican.com,2604
3578361807436557,Berni,Iliff,biliff11@usa.gov,75699 CEDEX 14
3531019312531926,Eb,Bannon,ebannon12@psu.edu,60609
501847095473160582,Silvia,Deetch,sdeetch13@epa.gov,302-0004
5152188316041662,Ebonee,Sollas,esollas14@columbia.edu,
3534287091554099,Maude,Messenbird,mmessenbird15@webeden.co.uk,5400-674
3574138215309699,Allie,Splaven,asplaven16@discuz.net,
3550580311110315,Rodrique,Somerlie,rsomerlie17@hibu.com,
3576335088896566,Timotheus,Drioli,tdrioli18@nhs.uk,83120
3555670409011841,Roderick,Carne,rcarne19@51.la,
5602222068709287,Charo,Catley,ccatley1a@hugedomains.com,
5018978080528074,Ami,Petteford,apetteford1b@dedecms.com,
67616320534802936,Rae,Eyer,reyer1c@domainmarket.com,
3576311292545000,Fallon,McGuckin,fmcguckin1d@mozilla.org,859-6411
201699533862690,Rex,Futty,rfutty1e@pinterest.com,12307
5893678343739835666,Devlen,Farreil,dfarreil1f@webs.com,
30461962992309,Demetris,Pachmann,dpachmann1g@myspace.com,
3583544585583418,Benton,Brookson,bbrookson1h@discovery.com,
3588190034963374,Kerianne,Cassells,kcassells1i@wordpress.org,952-3421
3548232850572696,Fabe,Jiruca,fjiruca1j@cnbc.com,
3542799689474332,Tess,Hudless,thudless1k@elegantthemes.com,
5135609889767005,Chip,Haithwaite,chaithwaite1l@youtube.com,43290
374622868860544,Federico,Girogetti,fgirogetti1m@google.de,7604
3560173263295785,Erich,Picken,epicken1n@t-online.de,
5100177490226499,Olive,Gibbens,ogibbens1o@squarespace.com,
3574631436336756,Iolanthe,Haydney,ihaydney1p@wp.com,
3548822381219831,Harlie,Hollidge,hhollidge1q@addtoany.com,M14
3586011867714209,Petronella,Kennermann,pkennermann1r@slideshare.net,2565-522
3557532546524292,Delcine,Ulyat,dulyat1s@vkontakte.ru,62600-000
5593738493167388,Velma,Ilyukhov,vilyukhov1t@mozilla.org,157510
3567715315845430,Ardine,Aartsen,aaartsen1u@xrea.com,352000
4041376336079,Wendell,Rowbrey,wrowbrey1v@purevolume.com,141032
5317350658005711,Jervis,Boothby,jboothby1w@google.ru,2200-499
3532454649705084,Amy,Tregenza,atregenza1x@usnews.com,
3575700164908794,Davis,Cosham,dcosham1y@ustream.tv,
201662008749198,Chickie,Baytrop,cbaytrop1z@patch.com,
3580030008361510,Kirbie,Strivens,kstrivens20@google.ru,
6370171347268748,Mandi,Blanshard,mblanshard21@jiathis.com,3116
4017950194381,Fee,Eldershaw,feldershaw22@scientificamerican.com,
4041591941802,Randa,Doughty,rdoughty23@nbcnews.com,86054 CEDEX 9
4041378580450479,Nobe,Griswood,ngriswood24@scribd.com,163-0690
5007663908720714,Shanna,Charters,scharters25@hugedomains.com,31101 CEDEX 9
3563074697099701,Donelle,Kristufek,dkristufek26@hhs.gov,
3575099517508975,Christiana,Correa,ccorrea27@reverbnation.com,102085
5478130906103152,Jeane,Blade,jblade28@washington.edu,416357
372301897927242,Guido,Baselli,gbaselli29@businesswire.com,7300
5010123938332688,Gena,Juppe,gjuppe2a@nps.gov,2250-325
3545911470628870,Arlyn,Gameson,agameson2b@w3.org,
490377592167997083,Ebenezer,Yoxall,eyoxall2c@cloudflare.com,
3546854759972289,Alonzo,Purchall,apurchall2d@blogs.com,17004
4911291640708193623,Whittaker,Maden,wmaden2e@storify.com,7416
3569926736893374,Gabbie,Oxshott,goxshott2f@tripod.com,
3548644755274709,Christy,Lodford,clodford2g@chicagotribune.com,36-071
4026565423252117,Adelice,Hamson,ahamson2h@addthis.com,05-850
3570954972767133,Lancelot,Houston,lhouston2i@tripod.com,
3532093806885402,Gerald,Loggie,gloggie2j@mayoclinic.com,439 42
3563339851262365,Daune,Courtney,dcourtney2k@nhs.uk,3860-042
3540117899058021,Kelley,Snowsill,ksnowsill2l@oakley.com,434 95
3538461044623261,La verne,McReidy,lmcreidy2m@ifeng.com,183985
3589204262620363,Lindi,Bilton,lbilton2n@tumblr.com,
374288411210817,Eddie,Blomfield,eblomfield2o@technorati.com,
560221569732332200,Dniren,Litchfield,dlitchfield2p@artisteer.com,2662
633354718160675101,Berenice,Heindrick,bheindrick2q@wordpress.org,
3571687828113487,Rozele,Dossantos,rdossantos2r@patch.com,
5610567055718968,Yves,Meriel,ymeriel2s@drupal.org,8264
5048379085038884,Land,Mulrean,lmulrean2t@miitbeian.gov.cn,
3554609574435139,Ritchie,Firks,rfirks2u@amazon.com,
3576226202562574,Codi,Orneblow,corneblow2v@pen.io,249185
4041374836234759,Penrod,Croy,pcroy2w@theglobeandmail.com,
5100144217450315,Teresina,Longmire,tlongmire2x@simplemachines.org,9580
201619630577983,Maxie,Neighbour,mneighbour2y@ezinearticles.com,
3587663129528717,Karisa,McMichael,kmcmichael2z@chronoengine.com,
3543239764955961,Fae,Durston,fdurston30@plala.or.jp,
3576068045358202,Reeva,Ottiwill,rottiwill31@hao123.com,68145
4913075381884071,Ruthy,Ciccotto,rciccotto32@canalblog.com,9498
6706866914860611541,Frances,Burnup,fburnup33@ucoz.ru,
3528147032402030,Lora,Bashford,lbashford34@shutterfly.com,19400-000
30487634459559,Dunstan,Covotto,dcovotto35@vistaprint.com,3078
3551597034381170,Bjorn,Loweth,bloweth36@bizjournals.com,12006
3545510740512615,Umeko,Danjoie,udanjoie37@mediafire.com,950009
3587621822403067,Anthia,McLean,amclean38@is.gd,
3544288912743596,Esme,Kleinplatz,ekleinplatz39@dailymail.co.uk,19280-000
5602247431374584,Winifield,Khosa,wkhosa3a@digg.com,
4913878434966203,Timothee,McOrkill,tmcorkill3b@bravesites.com,
30215722157219,Reggis,Boyett,rboyett3c@phpbb.com,
3535532655888162,Aubrie,Gibbonson,agibbonson3d@odnoklassniki.ru,
3536848239756629,Van,Tender,vtender3e@mysql.com,
5125502562995781,Simmonds,Downey,sdowney3f@sina.com.cn,263 25
6384708254620231,Nikolia,Wogden,nwogden3g@wunderground.com,97670
4405925295715594,Felizio,Bretton,fbretton3h@sakura.ne.jp,413067
36203195699143,Yetty,Bomb,ybomb3i@simplemachines.org,2304
5002353125591735,Muffin,Congreve,mcongreve3j@answers.com,32900-000
3580985069810780,Meyer,Birk,mbirk3k@tinypic.com,
3534684347578064,Tarra,Eick,teick3l@oaic.gov.au,
3530294052300201,Andeee,Horwell,ahorwell3m@barnesandnoble.com,
5010129947741173,Millisent,Rounds,mrounds3n@twitter.com,363704
3538628020719558,Filia,McTavy,fmctavy3o@zimbio.com,
5602220287219013,Sadella,Mangham,smangham3p@mapquest.com,
4026241457014191,Rory,Andrini,randrini3q@telegraph.co.uk,196627
6763898319889227,Mersey,Corkhill,mcorkhill3r@booking.com,01156
56108477208597651,Adena,Orsay,aorsay3s@scientificamerican.com,
3564668133756490,Wenda,Jeaffreson,wjeaffreson3t@bandcamp.com,
5239938698687020,Terri,De Hooch,tdehooch3u@ft.com,62767
5018138757698540,Pammie,Laxston,plaxston3v@godaddy.com,3080-520
676234012389398819,Garland,Edgeley,gedgeley3w@comcast.net,
5641820373800254,Cassandre,Danit,cdanit3x@sogou.com,78294 CEDEX
5602234541187510,Angus,Spiller,aspiller3y@themeforest.net,453 41
374288043131696,Noak,Rowswell,nrowswell3z@kickstarter.com,
3539793582051557,Marjy,Dradey,mdradey40@domainmarket.com,25304 CEDEX
3535509309480265,Luigi,Marcone,lmarcone41@furl.net,70130
4905931844887881929,Cherin,Crackett,ccrackett42@so-net.ne.jp,80501
6398846667440377,Zebulon,Andrysek,zandrysek43@dot.gov,
3539592152888566,Amelie,Huglin,ahuglin44@gnu.org,
3570324613601283,Kendre,Martynka,kmartynka45@technorati.com,
376614720439441,Hedda,Wolford,hwolford46@cdc.gov,4990-585
5100148995550394,Brigida,Pereira,bpereira47@istockphoto.com,
5100131066310682,Alon,Conti,aconti48@cdc.gov,
5610467792870794,Britta,Sifleet,bsifleet49@artisteer.com,
6381011256869291,Grover,Franzetti,gfranzetti4a@google.com.br,49560
5893396679401886,Elie,Clymo,eclymo4b@live.com,
5602229430940532,Emogene,Belmont,ebelmont4c@paginegialle.it,157460
3532069364891677,Mellisa,Iskowicz,miskowicz4d@amazon.co.jp,
3565093816727594,Nicolea,Beric,nberic4e@theglobeandmail.com,
3554301618401950,Kain,Crocken,kcrocken4f@miibeian.gov.cn,
337941431129211,Currey,Weben,cweben4g@exblog.jp,
6386022879542152,Ertha,Byrom,ebyrom4h@edublogs.org,T56
3564991485512430,Malvina,Fentem,mfentem4i@house.gov,40319
5602211160972427780,Graig,Gerrans,ggerrans4j@wordpress.com,17-102
30003143189742,Marten,Artz,martz4k@com.com,33070 CEDEX
3577040135612656,Fayina,Fellis,ffellis4l@narod.ru,12100
3564733949556342,Geri,Fludder,gfludder4m@ftc.gov,65215-000
5312981909300157,Colby,McPhillimey,cmcphillimey4n@ow.ly,
5018179413828520798,Lisabeth,Ragsdale,lragsdale4o@harvard.edu,999-0606
0604637955508022,Ellette,Witten,ewitten4p@last.fm,
5361108965846721,Verney,Cockrill,vcockrill4q@auda.org.au,
3585859876357159,Mariya,Jemison,mjemison4r@nasa.gov,4612
4844777643574408,Madonna,McLean,mmclean4s@moonfruit.com,16200-000
4508071709120885,Lonna,Mingard,lmingard4t@macromedia.com,453524
4026568098081761,Mitzi,Drysdall,mdrysdall4u@slashdot.org,
3561419934343648,Etty,Shambrooke,eshambrooke4v@amazon.co.uk,
3582512157870209,Bastien,Tapner,btapner4w@google.ru,361624
5018104272411793,Ron,Hellyer,rhellyer4x@timesonline.co.uk,81300
6304196966898672957,Valle,Nolton,vnolton4y@over-blog.com,56-160
4903672471475307,Celestina,Gumbley,cgumbley4z@berkeley.edu,
3537184543442345,Donia,Gier,dgier50@example.com,
3543187453208038,Sherwood,Catterill,scatterill51@virginia.edu,
30433271779958,Kial,Dallinder,kdallinder52@tripadvisor.com,06224 CEDEX
30531266013018,Julita,Alvin,jalvin53@geocities.com,
5602255315642232,Mallory,Jindracek,mjindracek54@dagondesign.com,6696
3557302070628855,Nobie,Asple,nasple55@quantcast.com,
30043416549073,Randy,Waymont,rwaymont56@sfgate.com,
3554508170118935,Bryan,Walliker,bwalliker57@webeden.co.uk,446416
560222737268687979,Pearline,Gatherer,pgatherer58@kickstarter.com,1743
4041592690234,Ingmar,Rehorek,irehorek59@harvard.edu,
3541314807566547,Viola,Teanby,vteanby5a@toplist.cz,
4405265898213709,Tab,Slee,tslee5b@unblog.fr,75096 CEDEX 02
67610161311794144,Seamus,Wapplington,swapplington5c@xrea.com,
371559973388644,Grange,Northin,gnorthin5d@dropbox.com,
6767632963469960,Gauthier,Hulburt,ghulburt5e@salon.com,
376918859339813,Danyelle,Hencke,dhencke5f@fastcompany.com,
5602259724156859,Wallache,Poppy,wpoppy5g@huffingtonpost.com,
30448484163063,Leilah,McLellan,lmclellan5h@blog.com,
3548767827453611,Yelena,Wisham,ywisham5i@zdnet.com,00152
3586296888224300,Bibby,Sindle,bsindle5j@privacy.gov.au,649779
3552282587791492,Ricki,Toomey,rtoomey5k@cbslocal.com,93429
6304951022035525,Lotte,Shetliff,lshetliff5l@berkeley.edu,
3545541439496919,Ursulina,Garnsey,ugarnsey5m@theatlantic.com,8712
3535082557422728,Carry,Lorent,clorent5n@fc2.com,
3589681307056937,Bessie,Klambt,bklambt5o@bigcartel.com,
201518503816801,Glen,Verney,gverney5p@webnode.com,39051
5010128267164610,Gerta,Saxby,gsaxby5q@dailymotion.com,820-0702
5048373215709670,Arty,Teers,ateers5r@reference.com,J5V
5108750872472535,Tansy,Hriinchenko,thriinchenko5s@bigcartel.com,6807
3566663033857876,Prentice,Crooks,pcrooks5t@google.it,
5048378689068438,Pearl,Acum,pacum5u@usa.gov,5214
3584336795560388,Theressa,Oxteby,toxteby5v@ask.com,
3575683561157977,Bogart,Caudell,bcaudell5w@mtv.com,
4175008530710767,Merna,Littrik,mlittrik5x@ocn.ne.jp,55810-000
3568051488805483,Germaine,Popplestone,gpopplestone5y@sourceforge.net,
375818074004765,Jacinthe,Thickins,jthickins5z@wikispaces.com,35540
50204766088876540,Harriet,Shaefer,hshaefer60@flavors.me,174450
6334057717791037029,Fleur,Leipelt,fleipelt61@bluehost.com,97-413
201681700262698,Tallie,Newsham,tnewsham62@wunderground.com,427060
3574493924120428,Audre,Cudby,acudby63@auda.org.au,29010
374283018980730,Ara,Perassi,aperassi64@goodreads.com,2035
5407345357515060,Danna,Sherringham,dsherringham65@hubpages.com,253418
3538929025010336,Cheryl,Pfeffle,cpfeffle66@zimbio.com,
3559947937965037,Leonardo,Swin,lswin67@opera.com,25071 CEDEX 9
3578818639536110,Neilla,Bruineman,nbruineman68@cbsnews.com,92309 CEDEX
4905573552393027027,Marty,Darlow,mdarlow69@friendfeed.com,
4917495374203756,Gabe,Cettell,gcettell6a@ft.com,992-1202
3545038778680591,Federico,Mair,fmair6b@loc.gov,31244 CEDEX
3553011722556935,Faythe,Bassano,fbassano6c@creativecommons.org,3117
3574649742780194,Shaw,Indge,sindge6d@ted.com,
6759645566259303119,Rawley,Mauser,rmauser6e@paypal.com,445359
3588274029665457,Harmonie,De Gowe,hdegowe6f@oracle.com,J9Z
30250525447822,Celine,Jenyns,cjenyns6g@paypal.com,K4K
3585674168491214,Hubert,Kayzer,hkayzer6h@theatlantic.com,
676798452290567680,Norbie,Snewin,nsnewin6i@wordpress.com,3600
201761750133351,Cliff,Langlois,clanglois6j@cargocollective.com,
5610865108152106,Carlene,Doucette,cdoucette6k@imageshack.us,4775-446
3551888749988452,Hart,Blogg,hblogg6l@godaddy.com,4740-497
5572306028100483,Rasia,McQuilliam,rmcquilliam6m@narod.ru,6322
3544762503062061,Fayina,Loxton,floxton6n@msu.edu,
3556579146761692,Corine,De Domenicis,cdedomenicis6o@google.com,7705
3565635781017425,Aldwin,Heckney,aheckney6p@vimeo.com,
6382293435639147,Cthrine,Tender,ctender6q@blogspot.com,35650-000
6763531736616432,Immanuel,Favelle,ifavelle6r@imageshack.us,64504
3534389198234698,Celinka,McGrirl,cmcgrirl6s@deliciousdays.com,
5549369481957989,Donnie,Blowick,dblowick6t@bizjournals.com,
201808963998961,Barret,Muller,bmuller6u@fc2.com,
5010126455098004,Decca,Anderson,danderson6v@slideshare.net,9155
3542138480776068,Fania,Scoffham,fscoffham6w@dell.com,
5048375196709603,Travus,Munroe,tmunroe6x@arstechnica.com,
3575892741807738,Gerri,Rubinovitsch,grubinovitsch6y@webmd.com,
3537569732068721,Ax,Disbrey,adisbrey6z@adobe.com,
5007666892609918,Zorah,Cantillon,zcantillon70@youku.com,
5610110427773682,Marjory,Pagan,mpagan71@reverbnation.com,29601
3541709311027094,Lanny,Cleeve,lcleeve72@a8.net,35581
6381510853566507,Madella,Riccardelli,mriccardelli73@paginegialle.it,
4041590708756,Jillian,De Blasiis,jdeblasiis74@blog.com,6602
4917827726311673,Audy,Bearman,abearman75@youtu.be,4505-427
5356020836677150,Tilly,Drinkeld,tdrinkeld76@mapy.cz,
3539189897517624,Salem,Moutray Read,smoutrayread77@ibm.com,
56022381023107600,Rosaline,MacConneely,rmacconneely78@comsenz.com,663716
36024690474646,Freddie,Boustred,fboustred79@about.com,
3576766660738042,Jermaine,Iorillo,jiorillo7a@newsvine.com,79240-000
4017958133623662,Rora,Bottjer,rbottjer7b@cdc.gov,
3551352513041501,Ottilie,Nesfield,onesfield7c@vimeo.com,
379378997593143,Malissa,Riggeard,mriggeard7d@goo.ne.jp,
5602258109300928195,Orville,Brauns,obrauns7e@oaic.gov.au,
3530265393352663,Bell,Gettens,bgettens7f@miibeian.gov.cn,36420-000
5557902068995888,Gabe,Hardway,ghardway7g@macromedia.com,
3573349013633740,Solomon,Branthwaite,sbranthwaite7h@usda.gov,396460
337941566854849,Brien,Glowacki,bglowacki7i@unicef.org,
3574484048334813,Wood,Ballham,wballham7j@paginegialle.it,
4905279133147175011,Cleveland,Eckly,ceckly7k@unc.edu,
3539043306276407,Wilhelmine,Halshaw,whalshaw7l@dyndns.org,46547
201759465895744,Nicoline,Pleasaunce,npleasaunce7m@themeforest.net,
3589118209773988,Wendye,Smowton,wsmowton7n@histats.com,18160-000
5534092306818734,Jerry,Havesides,jhavesides7o@ning.com,
676377313181838151,Purcell,Gremane,pgremane7p@virginia.edu,67704 CEDEX
3585214583012558,Charmian,Grisedale,cgrisedale7q@over-blog.com,72209
5602211502808590325,Lilah,Scarasbrick,lscarasbrick7r@army.mil,
4508728111966755,Winny,Fruen,wfruen7s@cafepress.com,
6381685203852953,Cyrillus,Betjeman,cbetjeman7t@washington.edu,49120
3562038381646797,Chickie,Ormes,cormes7u@biglobe.ne.jp,
3569947282275154,Koren,Hearn,khearn7v@geocities.com,03006 CEDEX
3573753965121333,Prinz,Gynni,pgynni7w@va.gov,
3556080812892648,Chico,Hintzer,chintzer7x@virginia.edu,
5602239172364455020,Kylila,Carrol,kcarrol7y@google.com,
3585572020110115,Lilias,Kenion,lkenion7z@disqus.com,
5492936411429615,Leesa,Abba,labba80@google.com.br,642 82
374288297498221,Kalindi,Luffman,kluffman81@walmart.com,
4869982439390759,Ebenezer,Crickmer,ecrickmer82@toplist.cz,
4917183571420114,Ernie,Cliss,ecliss83@shutterfly.com,
5335260459655325,Merilee,Baldcock,mbaldcock84@addthis.com,
4911248490275042,Scotty,Chesshyre,schesshyre85@hubpages.com,186445
30494817156580,Dominique,Pattrick,dpattrick86@uiuc.edu,118 50
201920826425049,Hesther,Wigfield,hwigfield87@storify.com,
3549375929369716,Bink,Giovani,bgiovani88@newsvine.com,1707
3570516493819188,Beulah,Palser,bpalser89@wikipedia.org,811 40
5100175055006702,Adolph,Sheppard,asheppard8a@ocn.ne.jp,75902 CEDEX 15
3553745316423495,Orelie,Olligan,oolligan8b@wix.com,
3544456218745199,Codi,Hamp,champ8c@tinyurl.com,
3541662289637941,Pru,Dobney,pdobney8d@e-recht24.de,3297
3561958987049420,Delia,Hatrey,dhatrey8e@home.pl,
5893220655322297001,Andonis,Ugo,augo8f@plala.or.jp,
3559534631009963,Marlo,Rankine,mrankine8g@tumblr.com,456113
3536256600382647,Talyah,Olenin,tolenin8h@prweb.com,5507
6706315148612506,Darsie,Jedrzejczyk,djedrzejczyk8i@omniture.com,
3532807207227090,Benjie,Batsford,bbatsford8j@histats.com,38082
63049433032154332,Sarge,Ollivier,sollivier8k@people.com.cn,
4911514659016260362,Belita,Sandeman,bsandeman8l@google.co.jp,
36662251714411,Ambrose,Trank,atrank8m@google.es,28405
5443149475234794,Claudie,Shawcross,cshawcross8n@moonfruit.com,
5602219262076695,Clarisse,Norton,cnorton8o@liveinternet.ru,
3567028913730255,Tulley,O'Cullinane,tocullinane8p@hhs.gov,
6394983925817742,Marietta,Baff,mbaff8q@mediafire.com,P31
56022304916638622,Alexis,Karleman,akarleman8r@myspace.com,
3572281970812200,Devi,Meggison,dmeggison8s@fda.gov,
3570110274517698,Leda,Yandell,lyandell8t@who.int,
374622936165165,Ernesto,Tumilty,etumilty8u@nsw.gov.au,
3585551853503596,Zollie,Lethebridge,zlethebridge8v@cnet.com,20249
5610492532602802,Zechariah,Dytham,zdytham8w@dailymotion.com,
5602226977520214,Lock,Swain,lswain8x@google.com.au,
30489234436060,Baxy,Halfpenny,bhalfpenny8y@i2i.jp,
4905481390259886900,Carmine,Proudler,cproudler8z@mac.com,
561087682675385761,Bernita,Boom,bboom90@answers.com,
6304844049328704520,Bonnibelle,Corbridge,bcorbridge91@gravatar.com,
30056175296983,Myca,Rubee,mrubee92@nasa.gov,
5602226471090748,Thomas,Broderick,tbroderick93@newyorker.com,64-710
374288757436893,Karen,Coldrick,kcoldrick94@freewebs.com,
5602249675934925,Ruggiero,Concannon,rconcannon95@jugem.jp,
633110643798636397,Rex,Towlson,rtowlson96@cbslocal.com,93742
4905686163883592,Sandi,Dunseith,sdunseith97@cnn.com,
6331102949482722319,Joe,Exall,jexall98@tiny.cc,5210-264
5038584684910233071,Harlie,Greenroyd,hgreenroyd99@stumbleupon.com,2785-549
3549358670406895,Tiler,Maffey,tmaffey9a@jugem.jp,
3534179552024722,Gabriel,Brayford,gbrayford9b@geocities.com,671331
3569225330800319,Elbertine,Middlemass,emiddlemass9c@edublogs.org,
5007662858537946,Amy,Worral,aworral9d@plala.or.jp,
4903327314814301646,Nerissa,Cowie,ncowie9e@about.com,91-864
374283361968035,Celia,Enoch,cenoch9f@shop-pro.jp,307602
3544943590008015,Lucienne,Squibbes,lsquibbes9g@t-online.de,
5100145451783683,Terry,McCurtain,tmccurtain9h@vimeo.com,13350-000
3572010817712319,Kandy,Lippett,klippett9i@ow.ly,8934
4508687884588156,Kenyon,Simpole,ksimpole9j@amazon.de,
3583187484808401,Giulia,Widdall,gwiddall9k@admin.ch,
3546383127819733,Gilemette,Chamley,gchamley9l@tinyurl.com,
3572236761972886,Sonya,Reynoollds,sreynoollds9m@indiegogo.com,
201552107182575,Hiram,Furmonger,hfurmonger9n@hugedomains.com,
490552420696104418,Amandie,Fedorchenko,afedorchenko9o@de.vu,77085
6333820005563834,Connie,Gherardini,cgherardini9p@soup.io,
6762928769179745,Sherlock,Toomey,stoomey9q@slate.com,57509 CEDEX
374283935413567,Correna,Heibel,cheibel9r@youtu.be,
6334421588307043,Nickey,O'Fallowne,nofallowne9s@yahoo.co.jp,65400-000
3579969548129767,Zsa zsa,Gable,zgable9t@de.vu,4114
6304397143138486773,Darbie,Aspling,daspling9u@pagesperso-orange.fr,4620-787
6398983601620978,Tressa,Spire,tspire9v@ebay.com,
4026547190725285,Dion,Jovic,djovic9w@networksolutions.com,9021
201883857139030,Nat,Chicchetto,nchicchetto9x@deliciousdays.com,
3581355574922422,Nathanael,Medgewick,nmedgewick9y@seesaa.net,656910
3557626174828130,Star,Ferryn,sferryn9z@archive.org,
3556145986192990,Garner,Waine,gwainea0@storify.com,
5125755611193010,Alma,Agget,aaggeta1@alibaba.com,456862
3549565798601351,Delores,Pond-Jones,dpondjonesa2@seesaa.net,6262
201829787167419,Wallace,Gummie,wgummiea3@forbes.com,
3578549831214798,Jeanna,Petche,jpetchea4@columbia.edu,
3543415953021951,Boycey,De Bruijne,bdebruijnea5@purevolume.com,
3557822874519588,Fiona,Butterfill,fbutterfilla6@bigcartel.com,
374622840633381,Orelia,Johansson,ojohanssona7@vkontakte.ru,421-0522
5100140553154321,Rickert,Bezarra,rbezarraa8@psu.edu,
3549087834551821,Ashley,Kilfeder,akilfedera9@free.fr,
4041596312553,Geoff,Gillies,ggilliesaa@opensource.org,1259
4844998703602117,Durward,Vasilenko,dvasilenkoab@dropbox.com,
201912886117582,Allie,Dusey,aduseyac@reddit.com,
3544722760569547,Horst,Larrad,hlarradad@usatoday.com,72-203
3577496658371171,Chickie,Tattershaw,ctattershawae@berkeley.edu,391237
3582003577036183,Ezra,Merchant,emerchantaf@webnode.com,8201
4026384394577472,Penny,Iiannoni,piiannoniag@friendfeed.com,
3568302546691104,Mendel,Fairburn,mfairburnah@phoca.cz,
3530857029647621,Shana,Muat,smuatai@altervista.org,0876
6759378046240996423,Fleming,Pratten,fprattenaj@goo.gl,
3550057231247964,Arlyne,Martyntsev,amartyntsevak@reuters.com,15630
3569024170311499,Roderigo,Flay,rflayal@vimeo.com,
3582019024168403,Carole,Simion,csimionam@wsj.com,
3574004892025455,Leland,Chatterton,lchattertonan@census.gov,391710
3584722032765114,Robby,Frany,rfranyao@yelp.com,37-111
5566859398594709,Elvyn,Maguire,emaguireap@fda.gov,24181
3550045015819645,Luther,Blinman,lblinmanaq@accuweather.com,
560221104979024961,Luke,Parkins,lparkinsar@unblog.fr,5702
3585439127849609,Kylie,Clarae,kclaraeas@exblog.jp,
3589141117696042,Taylor,Seabon,tseabonat@com.com,
3588707118739642,Kirby,Ovanesian,kovanesianau@independent.co.uk,
6333523491107468,Rossy,Aleshkov,raleshkovav@nba.com,
374622777079087,Kaycee,Jelkes,kjelkesaw@squidoo.com,84964 CEDEX
370091127442284,Jackelyn,Kleine,jkleineax@springer.com,7319
3575238276041139,Clerkclaude,Baddiley,cbaddileyay@reddit.com,204047
56022540365583245,Sherm,Ronchi,sronchiaz@japanpost.jp,
3561227761244395,Jasun,Pancoast,jpancoastb0@github.io,431 51
3582227539957448,Joey,Bewly,jbewlyb1@seattletimes.com,08-500
3565742580416434,Dyanna,Simondson,dsimondsonb2@omniture.com,34058 CEDEX 1
3563712707656461,Wallie,Stuart,wstuartb3@upenn.edu,32-087
5048375227900338,Geneva,Tooby,gtoobyb4@newyorker.com,331 41
6771171619635726110,Anette,Fishlee,afishleeb5@berkeley.edu,
3532286347856631,Gannon,Salisbury,gsalisburyb6@wunderground.com,
5602216062270858,Binni,Keeffe,bkeeffeb7@yahoo.co.jp,02162
6762298441953523,Aldis,Capelen,acapelenb8@ow.ly,
3578418627490162,Valerye,Rosetti,vrosettib9@google.it,
564182211508580873,Rozamond,Serginson,rserginsonba@indiatimes.com,3260-400
6762660677083152,Marlow,Le Marchand,mlemarchandbb@berkeley.edu,184433
4911417233810650141,Vincents,Chevin,vchevinbc@networkadvertising.org,1019
3559328422025506,Reuven,Pavese,rpavesebd@nih.gov,96-130
5100143180868313,Giacinta,Simak,gsimakbe@dmoz.org,9625-414
30133665834365,Milly,Bradnick,mbradnickbf@bizjournals.com,
3546326453109252,Caritta,Rutty,cruttybg@issuu.com,
3528835318180185,Jeramey,Swaby,jswabybh@liveinternet.ru,92130
564182347859951964,Jim,Vegas,jvegasbi@china.com.cn,
5100146368860960,Christian,Yannikov,cyannikovbj@ucoz.com,
5002354902990280,Edita,Andreacci,eandreaccibk@skype.com,41905
3534689625790117,Wally,Raddon,wraddonbl@gnu.org,663853
3531235988888719,Valery,Clowsley,vclowsleybm@bigcartel.com,
3564770986428837,Tomkin,Domsalla,tdomsallabn@npr.org,
201720966847329,Daniela,Urling,durlingbo@unesco.org,
201437967724965,Kriste,Neesam,kneesambp@yellowbook.com,
201789918235081,Levon,Thandi,lthandibq@printfriendly.com,
341017743481881,Kaile,Pervoe,kpervoebr@google.ru,3220-077
3554931411413552,Shirleen,Portlock,sportlockbs@tiny.cc,
3537487689741325,Dominic,Lovie,dloviebt@marriott.com,K34
3565169841883956,Micaela,Carr,mcarrbu@amazon.co.uk,29690-000
201529716066050,Cynde,Tune,ctunebv@oakley.com,1725
3539026037047569,Maurizia,Bridie,mbridiebw@prnewswire.com,
3544674507058716,Jock,Mollene,jmollenebx@nbcnews.com,32-340
6759479872313420,Liva,Mannion,lmannionby@dyndns.org,
3528712281760659,Kath,Cubberley,kcubberleybz@qq.com,06721
3577016895367590,Milty,Doorbar,mdoorbarc0@gizmodo.com,94913
30280513296345,Seka,Mcall,smcallc1@csmonitor.com,
3574947380200743,Doreen,Caress,dcaressc2@kickstarter.com,368030
6706640002716816,Reggie,Weeks,rweeksc3@ifeng.com,E9H
3562846839397528,Brigg,Gillebride,bgillebridec4@topsy.com,461 70
3545873129014425,Charity,Bernardos,cbernardosc5@techcrunch.com,
676730080292781271,Sonny,Douglass,sdouglassc6@cornell.edu,90150
4026176706815727,Lonee,Lates,llatesc7@angelfire.com,
3529988000722696,Hew,Daoust,hdaoustc8@soundcloud.com,83120
3531782587869129,Angel,Dorrance,adorrancec9@imgur.com,
4905237538583263207,Farrand,Schimank,fschimankca@utexas.edu,641878
6762968601470787,Renato,Brisse,rbrissecb@oakley.com,
30324146910508,Fabien,Lahrs,flahrscc@sbwire.com,
5020536914382955,Heywood,Connew,hconnewcd@hao123.com,2775-389
3586264262519190,Freemon,Koles,fkolesce@timesonline.co.uk,
5010123089592635,Wendel,Dyett,wdyettcf@purevolume.com,
3558188468363562,Alie,Guage,aguagecg@reference.com,
3569937231215138,Crosby,Bilam,cbilamch@bing.com,
30017566102859,Cecily,Slowgrove,cslowgroveci@youtu.be,T9S
3581491295203444,Robbyn,Perrone,rperronecj@vk.com,8014
490500990502229297,Vittorio,Murrhardt,vmurrhardtck@archive.org,
3572167451450885,Stephannie,Baudino,sbaudinocl@parallels.com,
5010121988990306,Hayley,Yurshev,hyurshevcm@qq.com,72124
3561395267816485,Cam,Dannehl,cdannehlcn@slashdot.org,
4936557661050182911,Joaquin,Goslin,jgoslinco@topsy.com,
6763868247310190,Kalli,Chetham,kchethamcp@trellian.com,
4041377506829,Fredek,Leakner,fleaknercq@nih.gov,
201441849519478,Carlin,Breed,cbreedcr@examiner.com,
50188509308568053,Scottie,Grocock,sgrocockcs@usda.gov,4520-712
630436203185231691,Vivianne,Ainslie,vainsliect@bloglines.com,59407 CEDEX
30204230917413,Beatrisa,Lorant,blorantcu@usgs.gov,
201777664329919,Petronia,Burchmore,pburchmorecv@e-recht24.de,
30541252344749,Milena,Cluse,mclusecw@mashable.com,
5602238397896157,Bay,Proctor,bproctorcx@vinaora.com,42164 CEDEX
3554348903467477,Kellby,Rosi,krosicy@vk.com,
6761287664715686,Leoine,Birchett,lbirchettcz@about.me,503-0625
3569017948760781,Harlen,Huckabe,hhuckabed0@seattletimes.com,
3559685751484095,Sheena,Beelby,sbeelbyd1@photobucket.com,
675944401250968615,Elisabeth,Berard,eberardd2@nationalgeographic.com,62250-000
3559332731475451,Florinda,Kerswell,fkerswelld3@phoca.cz,
6331101204436482862,Rubetta,Betteney,rbetteneyd4@cnbc.com,
3542936737365316,Leanna,McGillivrie,lmcgillivried5@uiuc.edu,
376604753581367,Cheslie,Madle,cmadled6@disqus.com,790 84
4936518450264297782,Catha,Andreaccio,candreacciod7@ibm.com,
5602251532404035,Elyssa,Dunthorne,edunthorned8@time.com,
5007660547933633,Adelheid,Beric,abericd9@ft.com,
6304079900867940,Norby,Ixer,nixerda@opera.com,347820
3536002570280068,Creighton,Streatfeild,cstreatfeilddb@eventbrite.com,13270-000
6771934694640487,Morton,Fernando,mfernandodc@jiathis.com,
3566115886899869,Natividad,Belderson,nbeldersondd@google.com.au,
370672981735598,Wang,Cory,wcoryde@mlb.com,
3543731162988248,Georgiana,Calles,gcallesdf@t-online.de,4194
3532472837079419,Xymenes,Lippiatt,xlippiattdg@imdb.com,
5007663400786957,Gregoire,Faulks,gfaulksdh@rediff.com,
5602255560026248,Lori,Hartmann,lhartmanndi@unesco.org,26-434
6762164600578016,Morrie,Balassi,mbalassidj@washington.edu,768 02
5010121340340943,Krista,Mosdall,kmosdalldk@unc.edu,34665
560224516236121818,Flossie,Fingleton,ffingletondl@cpanel.net,
3532052516869734,Timmi,Lawford,tlawforddm@go.com,
3534886388025034,Heinrick,Kernar,hkernardn@rakuten.co.jp,07404 CEDEX
374622423995116,Lonnie,Nicklin,lnicklindo@tinyurl.com,4445-005
3568419773953948,Ariana,Shemwell,ashemwelldp@sphinn.com,32900-000
3536935186413492,Bamby,Ewin,bewindq@marriott.com,
372301181597362,Della,Ferrarini,dferrarinidr@acquirethisname.com,20150
201875776431233,Jammie,Silley,jsilleyds@japanpost.jp,
6709841989432358155,Augustus,Gostling,agostlingdt@msu.edu,
5602258874356889,Eve,O'Riordan,eoriordandu@goo.ne.jp,
3580987802101543,Di,Gardner,dionnegardner@emoltra.com,4495-103
