id,first_name,last_name,email,gender,address,zip,phone,ssn
1,Torrie,Kubczak,tkubczak0@geocities.com,Female,276 Eagle Crest Lane,6317,228-559-0676,346-91-8341
2,Jamison,Nicklinson,jnicklinson1@miitbeian.gov.cn,Male,1877 Monica Court,,273-814-2990,864-51-5177
3,Mead,Driver,mdriver2@addtoany.com,Male,73 Norway Maple Park,,443-927-0428,476-90-9933
4,Shalna,Keel,skeel3@dedecms.com,Female,101 Chive Road,,638-425-2655,460-24-9661
5,Darcy,Wardle,dwardle4@netscape.com,Female,210 Forster Court,8005-453,749-560-2716,116-70-7545
6,Truman,Devereux,tdevereux5@mozilla.org,Male,3659 Riverside Point,,664-398-9956,677-08-8907
7,Rudolph,Sennett,rsennett6@noaa.gov,Male,0 Westridge Pass,,276-822-1774,248-87-2904
8,Lemar,Chessel,lchessel7@bbb.org,Male,8 Havey Park,,652-282-1576,201-91-0919
9,Lock,Stanwix,lstanwix8@technorati.com,Male,3 Oneill Hill,565 01,486-505-6382,536-09-4232
10,Sheena,Kenner,skenner9@utexas.edu,Female,78711 Fieldstone Drive,33715,727-130-6272,169-01-9110
11,Damiano,Savaage,dsavaagea@globo.com,Male,18527 Ohio Road,,569-809-8808,595-83-8296
12,Christal,Ramage,cramageb@imdb.com,Female,851 Ilene Court,12200-000,252-505-8981,756-91-9201
13,Eberhard,Brimfield,ebrimfieldc@prnewswire.com,Male,4 Hagan Avenue,172389,777-669-0129,360-33-7685
14,Camala,Sesons,csesonsd@google.com.br,Female,64342 Ramsey Trail,,645-355-2730,195-76-8521
15,Guendolen,Albutt,galbutte@sciencedirect.com,Female,2 Sauthoff Road,,378-364-9164,285-47-0064
16,Lorinda,Bramford,lbramfordf@ovh.net,Female,1 Sunfield Pass,,273-247-2407,702-69-8246
17,Granny,Stubbington,gstubbingtong@cdc.gov,Male,09128 Kennedy Drive,,861-677-6116,198-14-3788
18,Gil,Crocetto,gcrocettoh@un.org,Male,045 Delladonna Park,V2X,956-882-0791,214-36-3059
19,Parry,Rosten,prosteni@unicef.org,Male,2159 Porter Center,40130,675-905-0939,704-75-9632
20,Curtis,O'Cannon,cocannonj@ftc.gov,Male,60902 Grim Street,36005,694-173-2722,885-13-7495
21,Yancy,Bruin,ybruink@indiatimes.com,Male,3097 Maple Crossing,88130-000,382-272-7807,185-10-7044
22,Aubrey,Packwood,apackwoodl@un.org,Female,58 Ryan Road,23501,404-146-8549,327-33-6447
23,Alley,Ortiga,aortigam@psu.edu,Male,4688 Ramsey Place,59511,325-517-2947,501-57-0699
24,Rodolfo,Gronauer,rgronauern@1688.com,Male,2 Delladonna Parkway,,171-650-3677,244-62-0055
25,Filmer,Nerval,fnervalo@ft.com,Male,77886 Green Ridge Park,423970,218-733-2194,330-89-8911
26,Jaimie,Gratton,jgrattonp@wix.com,Male,6389 Gina Street,,740-951-2384,374-66-7280
27,Flinn,Illwell,fillwellq@businessweek.com,Male,5681 Rigney Park,142970,952-329-0023,869-89-3465
28,Damon,Van Velden,dvanveldenr@businessweek.com,Male,4 Delladonna Alley,,474-649-7978,794-82-0566
29,Hanny,Coaten,hcoatens@huffingtonpost.com,Female,246 Kings Alley,,229-882-7433,330-45-5764
30,Marley,Nieass,mnieasst@shutterfly.com,Female,87791 Independence Plaza,,823-599-1466,377-62-6026
31,Abbey,Dewire,adewireu@businessweek.com,Male,1973 Utah Circle,,358-262-8645,780-71-2282
32,Yoko,Hardwidge,yhardwidgev@fema.gov,Female,3 Meadow Ridge Junction,ZBB,770-465-0648,690-08-7182
33,Regen,McCrackem,rmccrackemw@gravatar.com,Male,732 Blue Bill Park Center,,904-754-4172,680-71-0466
34,Cordelia,Bremmell,cbremmellx@mapy.cz,Female,0168 Pawling Plaza,,523-561-0482,332-03-4328
35,Joanie,Rishman,jrishmany@netlog.com,Female,003 Sachtjen Center,58-564,138-749-4099,515-77-1714
36,Breanne,Oakes,boakesz@dell.com,Female,474 Kim Terrace,,613-485-7237,697-75-9970
37,Omero,Andersson,oandersson10@taobao.com,Male,7 Lakewood Gardens Center,,147-480-8089,644-57-4069
38,Manfred,Shadrack,mshadrack11@nba.com,Male,8 Mallory Parkway,5507,731-655-5947,331-64-7102
39,Karel,Eburah,keburah12@qq.com,Male,10 Arrowood Park,,666-519-8101,583-94-9700
40,Woodrow,Martinez,wmartinez13@huffingtonpost.com,Male,0924 Glacier Hill Parkway,,411-229-0370,292-16-0646
41,Vale,McGeown,vmcgeown14@whitehouse.gov,Male,3 Independence Street,44-280,378-262-7244,479-06-3741
42,Marti,Maghull,mmaghull15@mac.com,Female,24 Butternut Trail,5590,648-804-0403,530-26-4667
43,Maritsa,Barnewelle,mbarnewelle16@businessweek.com,Female,4722 Leroy Drive,5312,757-488-2739,311-41-3549
44,Rancell,Rodgers,rrodgers17@globo.com,Male,52 Holmberg Avenue,140732,980-893-0524,329-80-6153
45,Karlene,Hankin,khankin18@aboutads.info,Female,1 8th Lane,V4C,798-578-4985,212-34-8263
46,Mendy,Beggio,mbeggio19@artisteer.com,Male,27 Spenser Trail,4118,209-674-9816,487-65-8515
47,Liza,Paoletti,lpaoletti1a@tripadvisor.com,Female,446 Bellgrove Park,,985-574-6502,805-22-8967
48,Jasmina,Macy,jmacy1b@cnbc.com,Female,483 Bobwhite Crossing,,151-228-9487,676-55-5043
49,Bambi,Tyhurst,btyhurst1c@addtoany.com,Female,03 Independence Plaza,,949-325-8248,355-49-0605
50,Barbi,Budleigh,bbudleigh1d@odnoklassniki.ru,Female,6 6th Street,05-180,162-107-1344,799-66-2940
51,Reggis,Massimi,rmassimi1e@addtoany.com,Male,4668 Anhalt Alley,4635-637,211-996-8874,391-21-3532
52,Elfreda,Gook,egook1f@4shared.com,Female,41893 Arapahoe Terrace,4715,251-918-4333,349-64-5623
53,Shermy,Stains,sstains1g@paypal.com,Male,92912 Eliot Hill,05-088,730-572-5390,729-70-9632
54,Moina,Lapidus,mlapidus1h@netlog.com,Female,3 Nevada Crossing,431226,673-307-5753,131-61-8266
55,Cathleen,Asbery,casbery1i@istockphoto.com,Female,9 Carpenter Pass,899-2421,428-630-9804,329-81-7711
56,Munroe,McKibbin,mmckibbin1j@guardian.co.uk,Male,7079 Atwood Point,132059,292-266-5449,764-95-6540
57,Greer,Waleran,gwaleran1k@1und1.de,Female,0013 Coolidge Terrace,347460,993-219-3837,730-65-2036
58,Man,Santer,msanter1l@flickr.com,Male,982 Birchwood Road,,626-262-4682,485-35-1829
59,Nikolaus,Morphey,nmorphey1m@tripadvisor.com,Male,054 Armistice Street,RG20,119-621-5002,705-31-6701
60,Ella,Ordidge,eordidge1n@china.com.cn,Female,8677 Caliangt Plaza,,108-204-8931,474-35-6357
61,Gradeigh,D'Aeth,gdaeth1o@yelp.com,Male,68659 Hoepker Terrace,352708,253-388-3248,353-52-2289
62,Etti,Airs,eairs1p@netlog.com,Female,27 Surrey Terrace,784 01,923-125-5827,359-87-9540
63,Field,Quinney,fquinney1q@webnode.com,Male,351 Nelson Junction,,436-170-3666,493-59-1337
64,Bronny,Coda,bcoda1r@businessweek.com,Male,80830 Fisk Alley,4960-349,494-436-0819,333-56-1893
65,Winfield,Chanter,wchanter1s@wordpress.org,Male,2414 Golf View Drive,,790-209-7901,543-78-3407
66,Lezley,Manneville,lmanneville1t@usnews.com,Male,3 Logan Park,6419,305-808-1034,171-35-6554
67,Akim,Noble,anoble1u@ycombinator.com,Male,84 Glendale Terrace,8421,327-875-3886,111-13-6815
68,Ravid,Pinckney,rpinckney1v@wix.com,Male,013 Heffernan Junction,,558-354-4215,168-70-1697
69,Peterus,Peyto,ppeyto1w@wisc.edu,Male,04 Meadow Vale Alley,2114,772-531-3172,549-55-1364
70,Angelita,Simyson,asimyson1x@cpanel.net,Female,7 Steensland Way,,693-270-8228,501-53-5220
71,Wolf,Moynham,wmoynham1y@com.com,Male,3 Forest Dale Court,1805,827-154-3318,314-52-0405
72,Keefe,Bafford,kbafford1z@wordpress.org,Male,96639 Eggendart Hill,,911-647-0017,365-21-5580
73,Carmine,Norsister,cnorsister20@storify.com,Male,7 Comanche Park,3505-559,607-498-9150,364-07-3806
74,Felipe,Tuttle,ftuttle21@clickbank.net,Male,586 3rd Place,91815 CEDEX,869-243-1166,759-84-1287
75,Milty,Snowding,msnowding22@hatena.ne.jp,Male,46 Calypso Street,94975,707-611-1923,623-30-7470
76,Timothee,Hanford,thanford23@economist.com,Male,2 Sundown Way,455 31,463-754-2499,568-30-4657
77,Nichol,Domesday,ndomesday24@wisc.edu,Female,69075 John Wall Pass,5317,678-337-1949,297-58-1350
78,Barty,Ioannidis,bioannidis25@stumbleupon.com,Male,8891 Riverside Hill,7413,482-622-6582,157-41-3777
79,Kittie,Jowsey,kjowsey26@last.fm,Female,45 Mockingbird Park,,529-608-2307,550-66-1664
80,Nikolos,Meadowcraft,nmeadowcraft27@mysql.com,Male,57539 Coolidge Place,3404,590-549-1330,161-46-5522
81,Launce,Glenton,lglenton28@flickr.com,Male,7250 Sutteridge Road,,985-784-4164,192-05-0081
82,Stanislas,Snelson,ssnelson29@hhs.gov,Male,2990 Pepper Wood Place,25336,304-931-0339,721-52-1888
83,Norma,Behrend,nbehrend2a@odnoklassniki.ru,Female,154 Kennedy Plaza,16009,837-169-5321,163-54-5284
84,Yance,Merdew,ymerdew2b@goo.gl,Male,262 Saint Paul Terrace,,162-274-1585,113-45-6011
85,Jethro,Drew,jdrew2c@narod.ru,Male,20 Redwing Trail,355011,711-819-3250,706-69-2245
86,Kimball,Oliva,koliva2d@instagram.com,Male,5636 Anzinger Center,,731-271-9217,748-01-2377
87,Elsa,Leither,eleither2e@huffingtonpost.com,Female,371 Merchant Place,416305,159-182-0613,204-48-9628
88,Heather,Cianni,hcianni2f@apple.com,Female,39 Grasskamp Court,,897-902-1189,319-55-6671
89,Gretchen,McGrayle,gmcgrayle2g@buzzfeed.com,Female,7084 Northfield Pass,,798-748-2122,708-78-2541
90,Cirstoforo,Lammerts,clammerts2h@shop-pro.jp,Male,7 Sachs Alley,11102,665-628-5672,197-10-8097
91,Jorge,Le-Good,jlegood2i@hibu.com,Male,222 Union Drive,34536 CEDEX,454-319-6349,101-44-3331
92,Ariella,Henkmann,ahenkmann2j@spotify.com,Female,609 Spaight Point,,729-616-4351,192-26-5867
93,Tristan,Brimelow,tbrimelow2k@zimbio.com,Male,8802 Golf View Junction,,671-176-4940,188-70-1384
94,Riobard,Heggison,rheggison2l@google.pl,Male,2999 Eliot Way,,797-244-7596,738-60-0040
95,Isaac,Barsam,ibarsam2m@miitbeian.gov.cn,Male,37 Kropf Drive,,901-569-0972,678-31-3700
96,Alfie,Karolowski,akarolowski2n@cbslocal.com,Male,274 Delladonna Plaza,,112-756-3600,456-81-7999
97,Tybi,Randals,trandals2o@infoseek.co.jp,Female,88762 Boyd Alley,452500,685-699-4174,522-21-6419
98,Alan,Bootman,abootman2p@mlb.com,Male,8105 Sugar Street,,924-335-6769,600-33-1647
99,Ami,Woodbridge,awoodbridge2q@samsung.com,Female,997 Del Sol Circle,,698-826-2579,127-65-8704
100,Neal,Guerrieri,nguerrieri2r@stanford.edu,Male,0007 Stoughton Road,,705-696-2019,505-30-7148
101,Trixi,McGall,tmcgall2s@mashable.com,Female,463 Buena Vista Pass,,288-646-5843,378-06-5936
102,Patricio,Dimsdale,pdimsdale2t@google.cn,Male,03 Fair Oaks Terrace,,944-259-4705,217-49-8345
103,Marco,Fairnie,mfairnie2u@ask.com,Male,52 Hermina Road,,966-511-0099,187-89-1814
104,Wilfred,Rae,wrae2v@prnewswire.com,Male,80 Atwood Way,,145-623-0046,493-81-1050
105,Chevy,Redolfi,credolfi2w@last.fm,Male,3 Burning Wood Court,14018 CEDEX 2,480-606-0630,731-50-7949
106,Leonid,Dorrance,ldorrance2x@youtu.be,Male,8 Kropf Hill,,891-966-9556,796-68-4348
107,Gallard,Willmer,gwillmer2y@washingtonpost.com,Male,7169 Rowland Alley,76000,349-633-4765,198-85-3262
108,Miner,Bertelet,mbertelet2z@friendfeed.com,Male,85574 Atwood Avenue,3332,947-512-4071,258-83-2704
109,Korella,Goning,kgoning30@hexun.com,Female,1048 Pawling Park,132557,875-275-4939,803-84-3914
110,Rossy,Abry,rabry31@google.com.br,Male,865 Dahle Plaza,,472-646-4122,382-26-0278
111,Roland,Windsor,rwindsor32@nifty.com,Male,8 Prairieview Place,623287,586-852-7243,569-22-2304
112,Dallon,Durand,ddurand33@goo.ne.jp,Male,2 Manufacturers Parkway,,935-422-4234,619-88-4283
113,Niall,Boniface,nboniface34@amazon.de,Male,3315 Moland Way,,856-158-4799,411-24-1387
114,Alexis,Sinson,asinson35@samsung.com,Male,35 Mcbride Plaza,682027,349-435-8545,441-10-7875
115,Rafferty,Cotman,rcotman36@biglobe.ne.jp,Male,7 Lerdahl Way,880028,572-159-1982,656-91-6410
116,Sande,Ible,sible37@dailymail.co.uk,Female,4859 Dayton Pass,,548-486-7483,851-38-0507
117,Sapphire,Eskrick,seskrick38@flavors.me,Female,09725 Spenser Street,4730-264,808-524-3019,818-34-0500
118,Lynn,Schustl,lschustl39@cbc.ca,Male,16 Corscot Avenue,,693-721-7609,448-61-3356
119,Christalle,Esterbrook,cesterbrook3a@com.com,Female,92733 Sommers Place,216471,167-572-0095,339-26-3571
120,Duffy,Rakes,drakes3b@xing.com,Male,4980 Evergreen Way,,770-772-0200,404-54-8149
121,Belva,Mycock,bmycock3c@yahoo.com,Female,2 Park Meadow Court,815 36,951-374-9057,808-48-3734
122,Cobby,Belcher,cbelcher3d@furl.net,Male,21977 Carpenter Parkway,83-304,701-525-1890,328-28-0820
123,Chester,Hawkyens,chawkyens3e@devhub.com,Male,93313 Quincy Road,,962-801-9955,352-91-8337
124,Augustus,Turfin,aturfin3f@flickr.com,Male,35 Luster Junction,,824-299-2453,716-22-9798
125,Antonin,Hollerin,ahollerin3g@hibu.com,Male,153 Sauthoff Street,,137-457-8307,369-35-7720
126,Ella,Petrozzi,epetrozzi3h@abc.net.au,Female,963 Redwing Parkway,,817-988-3204,459-31-9108
127,Rollin,Pumfrett,rpumfrett3i@wiley.com,Male,48058 Stoughton Drive,,256-207-3916,649-42-4422
128,Isahella,Cooling,icooling3j@naver.com,Female,0 Toban Drive,,241-334-8640,229-20-4379
129,Rahal,Phythian,rphythian3k@state.tx.us,Female,1027 Colorado Road,29550-000,682-322-4271,702-85-9663
130,Angeli,Donnett,adonnett3l@illinois.edu,Male,542 Green Ridge Terrace,,547-481-9515,803-63-1946
131,Athene,Top,atop3m@rediff.com,Female,42784 Onsgard Alley,32627,352-418-2789,751-86-8745
132,Leanor,Bellsham,lbellsham3n@umn.edu,Female,8 Lyons Drive,,547-560-3256,527-72-0397
133,Danya,Manon,dmanon3o@mac.com,Male,1099 Shelley Crossing,87-821,786-941-7394,348-89-2533
134,Rahel,Cowndley,rcowndley3p@theguardian.com,Female,79558 Springview Place,161250,145-138-3098,867-32-7736
135,Rees,Dowdle,rdowdle3q@fda.gov,Male,0 Jackson Avenue,4219,803-641-2334,400-08-2042
136,Adolphe,Rubertis,arubertis3r@twitpic.com,Male,1585 Commercial Lane,763 26,637-707-6401,722-42-2269
137,Gerrie,McColm,gmccolm3s@plala.or.jp,Female,6738 Lien Trail,,533-107-7949,617-85-4883
138,Grier,Hennington,ghennington3t@ucoz.com,Female,882 Hagan Road,60006 CEDEX,341-470-9101,206-16-3877
139,Patrizio,McKinlay,pmckinlay3u@wikia.com,Male,2056 Thackeray Avenue,,397-479-1695,147-35-8780
140,Brent,Felstead,bfelstead3v@wordpress.org,Male,7 Dottie Alley,6014,203-452-7828,318-65-5450
141,Romola,Ingerfield,ringerfield3w@nydailynews.com,Female,068 Heffernan Drive,6037,773-406-6093,849-33-0765
142,Winifield,Digger,wdigger3x@netscape.com,Male,322 Burning Wood Point,,412-921-2098,470-16-7388
143,Abran,Hopfer,ahopfer3y@sitemeter.com,Male,7474 Cordelia Avenue,289-1343,662-146-6431,771-44-5364
144,Vittoria,Wasmer,vwasmer3z@altervista.org,Female,9 Bonner Circle,,489-795-7858,511-73-4360
145,Margot,Tooby,mtooby40@springer.com,Female,2 Autumn Leaf Road,,227-964-4426,817-05-1411
146,Moise,Allpress,mallpress41@eventbrite.com,Male,320 Old Gate Pass,,162-573-7540,895-01-3307
147,Perkin,Melwall,pmelwall42@state.tx.us,Male,540 Mayer Way,,860-854-2253,467-68-0378
148,Karalee,Dewes,kdewes43@sciencedirect.com,Female,4 Spohn Drive,,411-744-6397,306-03-2494
149,Lark,Goschalk,lgoschalk44@seattletimes.com,Female,7 Sauthoff Pass,403793,205-889-9940,524-96-9750
150,Lucio,Giscken,lgiscken45@nasa.gov,Male,202 Eastwood Drive,,849-720-9749,891-86-4012
151,Adolph,Clunan,aclunan46@addtoany.com,Male,72 Golden Leaf Plaza,7010,520-921-4516,777-44-4368
152,Tadeas,Physic,tphysic47@weibo.com,Male,37 Pine View Way,,141-424-5028,188-70-3083
153,Vere,Corfield,vcorfield48@sphinn.com,Female,56 Reinke Avenue,8029,393-648-1260,117-63-2793
154,Ardelia,Varian,avarian49@cafepress.com,Female,5 Mockingbird Crossing,62-620,826-100-3475,472-28-0078
155,Hyacinthe,Dessant,hdessant4a@i2i.jp,Female,25 Havey Street,,468-401-7114,833-88-6800
156,Larina,Awcock,lawcock4b@house.gov,Female,0 Green Ridge Crossing,,176-633-9398,554-21-6487
157,Rudie,Beresfore,rberesfore4c@geocities.com,Male,691 Dottie Way,,804-175-7856,835-31-1933
158,Lusa,Kordova,lkordova4d@berkeley.edu,Female,7632 Petterle Parkway,779-0312,829-161-8319,400-88-2781
159,Jemima,Curme,jcurme4e@dot.gov,Female,673 Lakeland Center,,773-706-2440,571-33-0327
160,Marcel,Iglesiaz,miglesiaz4f@unesco.org,Male,75 Toban Court,,196-550-4988,411-39-7679
161,Sebastian,Stapells,sstapells4g@bloomberg.com,Male,725 Elmside Road,733529,176-735-8538,414-86-3006
162,Zsazsa,Petheridge,zpetheridge4h@wunderground.com,Female,19 Dahle Junction,51107,226-704-5093,446-48-2208
163,Jodie,Hixson,jhixson4i@51.la,Male,4 Bunting Parkway,,147-316-7316,888-40-2526
164,Angela,Rigney,arigney4j@accuweather.com,Female,7165 Cordelia Crossing,88160-000,326-615-1961,217-12-0172
165,Juliana,Whitloe,jwhitloe4k@indiegogo.com,Female,6598 Warbler Court,,191-273-0517,480-33-1061
166,Eziechiele,Hackett,ehackett4l@uiuc.edu,Male,61537 Pawling Trail,374 53,605-883-4938,177-91-1017
167,Abel,Mc Giffin,amcgiffin4m@shareasale.com,Male,65 Kropf Street,22130,202-702-8272,524-10-2460
168,Ericka,Rameaux,erameaux4n@meetup.com,Female,1171 Redwing Lane,665133,606-699-0852,222-98-0541
169,Quinton,Pinkerton,qpinkerton4o@omniture.com,Male,9707 Huxley Trail,,683-924-2721,327-51-2812
170,Mar,Quiney,mquiney4p@netlog.com,Male,1321 Steensland Place,,810-634-2738,239-80-0002
171,Berton,Winchcomb,bwinchcomb4q@purevolume.com,Male,1 Cody Junction,114 29,576-703-5964,425-44-8216
172,Ethyl,Densham,edensham4r@amazon.de,Female,14 Clyde Gallagher Road,,690-150-6966,657-41-8337
173,Lucien,Walhedd,lwalhedd4s@cdc.gov,Male,63 Birchwood Way,6342,231-217-5643,731-04-7293
174,Talyah,McAllan,tmcallan4t@cam.ac.uk,Female,341 Blaine Parkway,10170,356-376-5175,554-17-7359
175,Gill,Denholm,gdenholm4u@jiathis.com,Female,72 Scott Center,,287-146-2178,213-99-5187
176,Fayre,Clout,fclout4v@rambler.ru,Female,611 Bultman Junction,623036,424-749-2553,791-18-8907
177,Delmer,Rysdale,drysdale4w@mapquest.com,Male,9 Everett Court,1130,373-626-0188,609-27-0304
178,Clarinda,Naseby,cnaseby4x@weebly.com,Female,5 Hollow Ridge Way,142641,616-768-7655,774-72-3179
179,Kellby,Le Marquand,klemarquand4y@omniture.com,Male,28 Clove Street,78718 CEDEX,202-770-4174,360-43-6215
180,Ulrich,Eley,ueley4z@google.com.hk,Male,9586 Nevada Point,140093,531-869-0525,511-94-4538
181,Dulce,Wileman,dwileman50@digg.com,Female,1103 Merry Street,,657-702-7474,686-05-2255
182,Nata,Straniero,nstraniero51@so-net.ne.jp,Female,781 Elgar Junction,,308-934-5118,225-95-8532
183,Devondra,O'Shea,doshea52@360.cn,Female,46 Eagan Crossing,347735,461-496-3340,194-27-2378
184,Abby,Andrey,aandrey53@auda.org.au,Female,5 Hansons Terrace,06-461,667-251-9029,311-96-8003
185,Priscella,Tooby,ptooby54@miibeian.gov.cn,Female,0024 Golf Course Junction,42-152,797-453-4014,190-70-4032
186,Vonny,Moorcraft,vmoorcraft55@joomla.org,Female,51 Norway Maple Center,5606,892-819-3515,400-07-7529
187,Margo,Wagstaffe,mwagstaffe56@a8.net,Female,2786 Anthes Court,,222-749-5405,576-11-4339
188,Hamilton,Corney,hcorney57@mail.ru,Male,08 Waubesa Road,68455-000,741-431-2400,698-33-3560
189,Joelle,Gascar,jgascar58@simplemachines.org,Female,5381 Monica Hill,49300-000,271-347-2074,789-12-8486
190,Cale,Mattheissen,cmattheissen59@hugedomains.com,Male,949 Russell Drive,6529,357-338-8856,273-08-6562
191,Madella,Ambrosoli,mambrosoli5a@yahoo.co.jp,Female,107 Schlimgen Street,,238-376-8374,661-32-5853
192,Kyle,Kelshaw,kkelshaw5b@mozilla.com,Male,73 Shopko Drive,692 81,328-349-9733,746-55-5578
193,Casper,Oven,coven5c@opensource.org,Male,80661 Meadow Vale Terrace,187003,865-214-8091,826-09-1437
194,Costanza,Monckman,cmonckman5d@unblog.fr,Female,040 Clyde Gallagher Lane,6710,160-834-4301,630-85-5895
195,Norris,Radborn,nradborn5e@weather.com,Male,10287 Lakewood Gardens Circle,,392-417-7846,279-12-6637
196,Goraud,Dacca,gdacca5f@infoseek.co.jp,Male,94 Fair Oaks Pass,,910-447-5992,530-80-1078
197,Geraldine,Schirok,gschirok5g@google.de,Female,82692 Scofield Parkway,,735-756-7948,531-31-4981
198,Calhoun,Bordone,cbordone5h@hubpages.com,Male,2892 Caliangt Center,,906-859-7130,196-98-7327
199,Allie,Holdey,aholdey5i@boston.com,Male,79361 Algoma Plaza,73-121,199-799-0482,468-81-3584
200,Winifield,Plackstone,wplackstone5j@wisc.edu,Male,23 Parkside Junction,,579-430-4013,833-85-0183
201,Norbert,MacAdam,nmacadam5k@google.cn,Male,2579 Grim Court,,777-995-6623,133-44-0177
202,Chance,Rosenfelder,crosenfelder5l@tumblr.com,Male,8363 Cardinal Street,,692-116-6828,177-19-7662
203,Fields,Barens,fbarens5m@chron.com,Male,30777 Delladonna Circle,,606-719-4674,526-32-8234
204,Cordy,Langstone,clangstone5n@mit.edu,Female,3 Larry Terrace,1706,756-431-5306,466-09-7830
205,Natasha,Stredwick,nstredwick5o@barnesandnoble.com,Female,2 Burning Wood Place,,875-330-3756,761-39-2171
206,Babita,Hyde,bhyde5p@dion.ne.jp,Female,809 Pepper Wood Lane,,139-164-8724,549-34-7319
207,Carleen,Fisbey,cfisbey5q@blogs.com,Female,9 Duke Road,56404 CEDEX,824-376-4834,438-15-9590
208,Licha,Warwick,lwarwick5r@umich.edu,Female,33156 Hanson Way,2530-254,818-275-3626,671-73-1532
209,Ruttger,Carous,rcarous5s@google.it,Male,71896 Anniversary Hill,,704-901-8821,474-55-4598
210,Nelli,Trewhitt,ntrewhitt5t@smugmug.com,Female,969 Westend Lane,,620-537-4301,707-94-9605
211,Octavia,Ceeley,oceeley5u@hibu.com,Female,774 Waywood Park,,371-959-7998,239-81-5737
212,Tamra,Greetham,tgreetham5v@printfriendly.com,Female,10 Dorton Parkway,779-3601,173-550-3193,121-16-7929
213,Leyla,Paskerful,lpaskerful5w@freewebs.com,Female,8 Union Point,40270,942-451-7893,583-80-9054
214,Ranique,Stancer,rstancer5x@xing.com,Female,1991 Towne Parkway,,438-731-6429,840-88-0666
215,Rory,Julian,rjulian5y@time.com,Male,164 Lukken Road,,205-520-5608,779-51-0476
216,Abbe,Di Meo,adimeo5z@tumblr.com,Male,656 Debra Junction,721 06,317-793-4796,691-77-2359
217,Jacquette,Scatcher,jscatcher60@goodreads.com,Female,10 Maple Wood Point,,136-703-3484,484-34-3156
218,Veradis,Cartan,vcartan61@wordpress.com,Female,842 3rd Alley,175147,309-469-6836,194-48-3778
219,Janis,Mc Gee,jmcgee62@livejournal.com,Female,2321 Sage Junction,,828-483-6686,531-73-4256
220,Kathi,Glisenan,kglisenan63@howstuffworks.com,Female,3003 Jay Point,69488 CEDEX 03,994-995-9818,488-70-3937
221,Linette,Stonuary,lstonuary64@simplemachines.org,Female,1552 Schmedeman Center,,124-539-0665,876-07-7684
222,Griffy,Toolin,gtoolin65@unicef.org,Male,473 Packers Lane,142672,437-282-8794,569-53-7608
223,Pearle,Croft,pcroft66@ovh.net,Female,09 Clove Lane,9265,971-441-6567,312-99-8638
224,Tyrone,Itzcovich,titzcovich67@amazonaws.com,Male,52160 Katie Crossing,,127-386-6506,654-67-8152
225,Levy,Grigori,lgrigori68@barnesandnoble.com,Male,7 Stone Corner Street,,923-810-5980,759-55-9182
226,Sher,Lillecrap,slillecrap69@statcounter.com,Female,90 Farmco Road,,692-283-5018,572-38-3253
227,Euell,Royan,eroyan6a@engadget.com,Male,1 Maryland Center,,884-725-0233,449-59-7541
228,Corilla,Schade,cschade6b@symantec.com,Female,609 South Junction,,161-736-8780,102-25-9151
229,Isaiah,Cone,icone6c@tripod.com,Male,6844 Waywood Court,2156,989-105-5027,283-91-9898
230,Auroora,Calveley,acalveley6d@msn.com,Female,29 Washington Avenue,664 62,818-931-3892,670-74-9174
231,Natividad,Ruffle,nruffle6e@dell.com,Female,1277 Valley Edge Court,,423-837-2071,637-80-5238
232,Remington,Kobieriecki,rkobieriecki6f@uiuc.edu,Male,66771 Summerview Plaza,50653,643-603-6975,333-26-9742
233,Marijo,Fremantle,mfremantle6g@hhs.gov,Female,2 Becker Crossing,62-850,171-284-0077,696-55-0517
234,Laurens,Rowat,lrowat6h@nydailynews.com,Male,88 Lake View Lane,87-410,141-767-2670,293-05-8767
235,Leilah,Bapty,lbapty6i@house.gov,Female,6312 Di Loreto Street,,257-113-2353,158-13-4157
236,Neale,Meegin,nmeegin6j@msn.com,Male,803 Melody Street,,137-663-0534,265-78-2392
237,Estelle,McClaren,emcclaren6k@msn.com,Female,6880 Bowman Pass,,372-195-8313,352-89-4837
238,Link,Barrable,lbarrable6l@cloudflare.com,Male,69345 Hoffman Trail,,465-712-3556,294-87-2849
239,Willette,Eadmead,weadmead6m@indiatimes.com,Female,4153 Blue Bill Park Place,,474-689-9945,582-73-3364
240,Gwyneth,Goulbourne,ggoulbourne6n@mashable.com,Female,7 Katie Center,P81,703-657-3464,700-39-7507
241,Romola,Duddy,rduddy6o@1688.com,Female,97 Buena Vista Pass,28-210,265-828-5128,778-13-6290
242,Loralee,Dakers,ldakers6p@columbia.edu,Female,49077 Kedzie Hill,,865-319-7248,338-43-6213
243,Rafi,Shoesmith,rshoesmith6q@scientificamerican.com,Male,78 Eagan Plaza,,869-399-1875,651-92-1467
244,Sianna,Toller,stoller6r@cbslocal.com,Female,10228 Manufacturers Court,,615-761-2961,882-24-9069
245,Sean,Philipeau,sphilipeau6s@sfgate.com,Female,99007 Helena Terrace,,423-791-7731,246-37-6796
246,Ambur,Flockhart,aflockhart6t@google.pl,Female,335 Montana Parkway,6151,383-500-9824,597-44-9948
247,Jaquith,Newland,jnewland6u@hubpages.com,Female,02808 Sutherland Junction,,885-808-9750,725-09-1298
248,Teresa,Kopfer,tkopfer6v@ed.gov,Female,9297 Packers Court,,746-601-7643,701-96-2705
249,Langsdon,Jennens,ljennens6w@mlb.com,Male,67308 Coolidge Park,,283-301-1481,682-19-4365
250,Meredithe,Boraston,mboraston6x@rambler.ru,Female,8448 Melody Crossing,,878-896-5709,597-19-0880
251,Elenore,Pennock,epennock6y@csmonitor.com,Female,5537 Park Meadow Point,,811-419-2497,811-04-1409
252,Germana,Markushkin,gmarkushkin6z@ft.com,Female,9 Village Circle,04004 CEDEX,734-945-0384,844-97-1621
253,Antonino,Pisculli,apisculli70@linkedin.com,Male,46 Kim Drive,553 33,505-717-4038,538-71-7061
254,Sherlocke,Levi,slevi71@php.net,Male,88715 Garrison Street,21040 CEDEX,155-312-9890,358-26-5339
255,Clarinda,Lyall,clyall72@i2i.jp,Female,10452 Red Cloud Terrace,,408-780-4294,135-39-8893
256,Shelby,Simonian,ssimonian73@jimdo.com,Male,82038 Elgar Place,3313,633-771-1128,830-33-0520
257,Izzy,Addington,iaddington74@wix.com,Male,0001 Eagan Avenue,,646-405-3969,231-62-4144
258,Albertine,Gwilliams,agwilliams75@cornell.edu,Female,5786 Gale Plaza,,936-294-7337,299-10-8276
259,Hayward,Pedwell,hpedwell76@odnoklassniki.ru,Male,20 Hintze Street,2445-079,583-695-8212,336-22-4183
260,Enid,Hanaby,ehanaby77@instagram.com,Female,3965 Sugar Way,62-571,812-267-4682,116-09-7717
261,Lucienne,Gebbe,lgebbe78@mozilla.com,Female,3 Oriole Court,,741-757-8112,132-09-8728
262,Erica,Brosetti,ebrosetti79@ask.com,Female,21160 Hauk Center,,771-353-3231,526-73-4200
263,Averil,Georgiev,ageorgiev7a@quantcast.com,Male,376 Westport Crossing,,592-920-8427,539-35-5556
264,Llewellyn,Weerdenburg,lweerdenburg7b@msu.edu,Male,740 Pearson Circle,,101-668-5983,159-20-7247
265,Sonnnie,Collens,scollens7c@eepurl.com,Female,2775 Homewood Place,,377-491-6029,465-64-8593
266,Garry,Noweak,gnoweak7d@jiathis.com,Male,32 Fulton Point,,257-293-8703,771-83-7260
267,Calley,Basindale,cbasindale7e@vkontakte.ru,Female,5 Ryan Center,8206,315-972-6132,847-30-6336
268,Roley,Bellis,rbellis7f@google.de,Male,01260 Autumn Leaf Street,632735,455-962-6983,546-38-0690
269,Peadar,Kynder,pkynder7g@creativecommons.org,Male,0108 Merry Road,22-650,778-109-5123,271-55-8455
270,Donalt,Brookesbie,dbrookesbie7h@sina.com.cn,Male,498 Lukken Alley,9308,200-766-4128,284-08-6366
271,Isa,MacIan,imacian7i@deviantart.com,Female,1167 Merrick Place,1047,898-203-9191,505-84-6833
272,Pris,Tawse,ptawse7j@google.pl,Female,5263 Mayfield Plaza,,584-176-4661,801-96-1576
273,Gonzales,Peschmann,gpeschmann7k@techcrunch.com,Male,20218 Roxbury Point,879-7504,922-129-0386,645-45-9706
274,Alida,Hector,ahector7l@arizona.edu,Female,35711 Fairfield Drive,663246,655-738-0603,160-55-3446
275,Nikoletta,Shovlar,nshovlar7m@time.com,Female,18 Welch Road,11710,435-156-5119,562-70-9559
276,Margie,Ludy,mludy7n@sun.com,Female,46 Trailsway Hill,34642,317-554-4362,779-47-8674
277,Eveleen,Edgcombe,eedgcombe7o@twitter.com,Female,61344 Oak Avenue,3302,840-821-1805,486-14-5934
278,Gar,Abrahams,gabrahams7p@surveymonkey.com,Male,686 Ruskin Place,203067,705-153-9038,405-07-5932
279,Torrey,Knoles,tknoles7q@cdc.gov,Male,3 Nobel Road,739 97,986-782-5684,346-27-5666
280,Trixie,Weldrake,tweldrake7r@is.gd,Female,9 Westridge Drive,,350-484-3246,363-41-5008
281,Frank,Gopsall,fgopsall7s@indiatimes.com,Female,9 Bay Circle,,547-174-4215,195-66-5406
282,Karlene,Vinden,kvinden7t@ameblo.jp,Female,8334 Chinook Street,4635-207,328-489-7394,571-47-8378
283,Bartholomeo,Bielfeld,bbielfeld7u@blogger.com,Male,359 Iowa Place,,278-323-6628,223-62-8666
284,Merwin,Noweak,mnoweak7v@blogs.com,Male,78877 Fieldstone Point,L-9765,787-750-6810,475-09-0089
285,Ramsey,Abramovic,rabramovic7w@icio.us,Male,7119 Glendale Pass,,593-804-2552,107-12-3488
286,Rainer,Coale,rcoale7x@oakley.com,Male,51751 Swallow Street,84-122,338-450-8338,401-49-2532
287,Eleonora,Croley,ecroley7y@independent.co.uk,Female,8 Bayside Avenue,,678-809-3482,316-83-8114
288,Bruno,Odeson,bodeson7z@nyu.edu,Male,61610 Springview Pass,3813,903-844-4837,582-31-6207
289,Allix,Corter,acorter80@sun.com,Female,16224 3rd Alley,4730-062,615-403-8220,184-69-0144
290,Smitty,Blaza,sblaza81@psu.edu,Male,27 Forest Run Point,,272-518-5851,422-09-6399
291,Lynda,Duiguid,lduiguid82@forbes.com,Female,62 Morning Drive,32-447,444-195-2755,320-40-0945
292,Barbara-anne,Cawkill,bcawkill83@ucoz.ru,Female,3392 Paget Court,27309 CEDEX,223-943-3655,619-85-5861
293,Kiah,Fernier,kfernier84@cbsnews.com,Female,3292 Jenna Road,,568-975-4127,150-11-2219
294,Libbi,Abrahmovici,labrahmovici85@dmoz.org,Female,729 Esch Place,25198,304-763-6840,484-26-9918
295,Lanna,Beadnall,lbeadnall86@wunderground.com,Female,4658 Eagle Crest Park,28-136,447-957-7811,856-87-7166
296,Robena,Goldspink,rgoldspink87@fastcompany.com,Female,75 Merchant Lane,51218,376-974-7260,585-21-6733
297,Janette,McTavish,jmctavish88@taobao.com,Female,53496 Sugar Point,BT2,333-185-3350,788-85-3730
298,Nickie,Filipponi,nfilipponi89@mapy.cz,Male,9 Bowman Lane,,190-697-6828,260-78-0413
299,Isadore,Balcon,ibalcon8a@cargocollective.com,Male,65 Westport Way,87490-000,477-899-9352,279-03-6579
300,Alberik,Brimman,abrimman8b@mapy.cz,Male,9157 Di Loreto Avenue,5012,180-880-3001,131-87-3604
301,Killian,Kondrachenko,kkondrachenko8c@purevolume.com,Male,07 Ridgeway Court,,640-870-4356,782-84-2728
302,Maribelle,Gehrtz,mgehrtz8d@networkadvertising.org,Female,4501 Everett Junction,11207,264-157-1903,611-38-2156
303,Horten,Nerger,hnerger8e@tumblr.com,Male,8671 Elgar Crossing,,452-107-1046,693-81-0914
304,Jammie,Twiddle,jtwiddle8f@dropbox.com,Female,2081 Cascade Park,352844,502-237-4095,859-53-3758
305,Hinda,Marler,hmarler8g@phoca.cz,Female,64 Cambridge Alley,92015,329-123-2844,474-22-1362
306,Doroteya,Gilfoyle,dgilfoyle8h@boston.com,Female,75917 Milwaukee Terrace,33324 CEDEX,151-343-1737,523-60-5108
307,Marcello,Sowte,msowte8i@yahoo.com,Male,39 Mccormick Pass,,356-770-1142,193-09-1555
308,Ed,O'Scanlan,eoscanlan8j@japanpost.jp,Male,3142 Macpherson Alley,415088,404-257-0752,386-69-1871
309,Arlena,Josefsson,ajosefsson8k@weebly.com,Female,133 Ridge Oak Drive,,273-831-4475,690-50-2117
310,Jilleen,Kupec,jkupec8l@reuters.com,Female,17 Mesta Alley,39-410,887-757-6960,113-80-5505
311,Valencia,Laurenson,vlaurenson8m@wikia.com,Female,5437 Eagle Crest Court,3228,319-541-8834,558-09-2961
312,Brockie,Maudett,bmaudett8n@jimdo.com,Male,8799 Waywood Hill,69286 CEDEX 02,789-220-8261,222-15-7508
313,Tris,Gentner,tgentner8o@weebly.com,Male,18718 Maywood Crossing,3303,228-675-5932,313-89-7773
314,Ranna,Pierrepont,rpierrepont8p@cisco.com,Female,91184 3rd Way,664 52,665-572-1543,327-52-6398
315,Nataline,Randles,nrandles8q@joomla.org,Female,3 Meadow Ridge Crossing,6005,336-342-8128,691-37-9944
316,Mignon,Gotthard,mgotthard8r@youtu.be,Female,5646 Kensington Road,,537-862-9286,257-80-3808
317,Rayna,Budleigh,rbudleigh8s@google.pl,Female,0367 Marcy Pass,,798-710-9167,227-85-9935
318,Norina,Goodoune,ngoodoune8t@imdb.com,Female,826 Banding Circle,,428-885-3791,494-85-8732
319,Lena,Eye,leye8u@tinypic.com,Female,27079 Lyons Place,3716,206-387-3577,554-86-9073
320,Poppy,Emlen,pemlen8v@goo.gl,Female,7905 Ramsey Court,69286 CEDEX 02,604-375-2755,881-91-7547
321,Michail,Brisset,mbrisset8w@hud.gov,Male,59396 Vahlen Lane,155933,975-121-2706,111-01-7343
322,Lonny,Keets,lkeets8x@booking.com,Male,92 Sauthoff Place,4750-624,271-477-3110,817-08-7018
323,Clair,Gatward,cgatward8y@illinois.edu,Male,3483 Debs Alley,952-1203,458-760-1041,775-87-7181
324,Gray,Legon,glegon8z@naver.com,Female,26 Crowley Drive,,613-795-7233,638-55-7364
325,Rickie,Bon,rbon90@histats.com,Male,6 Park Meadow Alley,437-1604,504-996-5541,484-70-4425
326,Bunnie,Sturror,bsturror91@microsoft.com,Female,430 Graceland Crossing,141880,627-993-8272,504-38-9947
327,Maisie,Stokoe,mstokoe92@ask.com,Female,3848 Dawn Center,1150,518-260-8589,321-47-2390
328,Lenci,Dengel,ldengel93@home.pl,Male,08745 Homewood Circle,,858-529-9587,275-35-5602
329,Wilma,Maddrah,wmaddrah94@go.com,Female,81 Northview Parkway,,983-585-0932,400-40-0400
330,Jasen,Haycroft,jhaycroft95@senate.gov,Male,525 Katie Place,7213,274-451-9723,775-42-1147
331,Angie,Laise,alaise96@umich.edu,Female,3 Sunnyside Way,,485-289-2165,700-34-2524
332,Malorie,Sambidge,msambidge97@people.com.cn,Female,79289 Crowley Lane,404109,803-625-4787,442-43-9912
333,Jewelle,Anderson,janderson98@dion.ne.jp,Female,942 Caliangt Parkway,169510,783-185-7157,627-72-9433
334,Art,Reyburn,areyburn99@cloudflare.com,Male,60 Spohn Hill,,173-419-6382,401-31-7605
335,John,Backson,jbackson9a@miibeian.gov.cn,Male,48 Hoffman Point,,915-311-0784,495-57-0651
336,Ethelin,Semonin,esemonin9b@free.fr,Female,05476 Walton Circle,08500-000,712-979-1805,380-76-4959
337,Sayre,Stebbings,sstebbings9c@uol.com.br,Female,63 Clarendon Lane,5100-005,733-867-8121,679-60-2242
338,Abra,Plum,aplum9d@mashable.com,Female,57349 Mcguire Pass,28263,704-200-2659,766-58-8666
339,Abbey,Larmor,alarmor9e@1und1.de,Male,6815 Nelson Alley,,749-528-9369,464-48-0675
340,Tades,Heeks,theeks9f@noaa.gov,Male,1 Cambridge Place,57193,605-284-5822,405-66-2597
341,Durand,Corstan,dcorstan9g@mail.ru,Male,0281 Eagan Park,96928,612-479-6399,663-61-0785
342,Elisha,Didsbury,edidsbury9h@psu.edu,Female,474 Mosinee Road,,813-826-5316,593-46-0209
343,Brewer,Blowes,bblowes9i@newyorker.com,Male,057 Kensington Lane,73-132,480-811-8085,796-84-3398
344,Jesse,Garrould,jgarrould9j@trellian.com,Female,3 Northridge Parkway,,999-953-0566,645-73-4533
345,Sammie,Cino,scino9k@house.gov,Male,9 Morningstar Terrace,338 24,378-234-1609,292-50-5740
346,Lock,Erwin,lerwin9l@loc.gov,Male,01315 Dayton Point,11320,317-833-2945,621-19-8448
347,Harriet,Billingham,hbillingham9m@eepurl.com,Female,46 Dixon Pass,,528-997-8507,677-72-4995
348,Abelard,O'Coskerry,aocoskerry9n@smugmug.com,Male,98 Armistice Hill,31140,179-640-3149,238-51-2724
349,Hendrika,Girardetti,hgirardetti9o@studiopress.com,Female,3 International Lane,,924-716-7981,768-06-3688
350,Culley,Petracci,cpetracci9p@ameblo.jp,Male,46 Bayside Parkway,,490-651-3480,209-55-5758
351,Averell,Ryland,aryland9q@cnet.com,Male,095 Stone Corner Center,29071,980-330-9130,850-56-4426
352,Alvan,Breydin,abreydin9r@aboutads.info,Male,9499 Del Sol Alley,,715-570-8874,285-52-3197
353,Berna,Lewing,blewing9s@g.co,Female,0 Fordem Lane,,962-370-0579,546-44-4812
354,Herculie,Ivel,hivel9t@wsj.com,Male,27 Holy Cross Way,40068,770-244-1811,807-08-9490
355,Denys,McGinlay,dmcginlay9u@un.org,Female,47606 Kropf Point,,342-272-0314,110-53-9052
356,Scarface,Shrubsall,sshrubsall9v@discuz.net,Male,6879 Meadow Ridge Terrace,,538-338-9641,307-46-8293
357,Chelsea,Mabson,cmabson9w@npr.org,Female,0 Orin Center,5047,275-109-3559,615-15-0744
358,Olav,Lightfoot,olightfoot9x@gizmodo.com,Male,980 Helena Lane,,352-517-3873,839-69-0111
359,Kendrick,MacPaden,kmacpaden9y@baidu.com,Male,041 Meadow Vale Hill,,157-878-1573,144-99-3707
360,Adair,Cluitt,acluitt9z@unblog.fr,Male,76 Northridge Avenue,,633-659-1297,428-62-2177
361,Austina,Bettanay,abettanaya0@4shared.com,Female,94 New Castle Drive,216486,813-131-1045,263-41-4072
362,Emmott,Nockells,enockellsa1@51.la,Male,71052 Grayhawk Court,94975,707-676-9732,832-92-9151
363,Talbert,Paragreen,tparagreena2@nationalgeographic.com,Male,64848 Hazelcrest Road,7506,136-791-4010,184-54-5361
364,Nellie,Going,ngoinga3@cnn.com,Female,9 Jenifer Park,7201,735-187-2816,857-21-5555
365,Bili,Dyer,bdyera4@state.tx.us,Female,8504 Harbort Pass,45045 CEDEX 1,211-521-3337,261-84-6973
366,Almire,Wraighte,awraightea5@github.io,Female,30 Menomonie Lane,1234,925-377-9381,692-52-2992
367,Berky,Dellow,bdellowa6@chicagotribune.com,Male,8 Park Meadow Pass,06000-000,641-151-1320,617-34-4574
368,Augy,McLaverty,amclavertya7@biblegateway.com,Male,7 Southridge Hill,,622-192-1680,623-07-6605
369,Kele,MacGray,kmacgraya8@reference.com,Male,3790 Messerschmidt Avenue,05-622,504-741-2434,542-14-8727
370,Diandra,Beer,dbeera9@wikipedia.org,Female,5 Miller Lane,,904-795-3866,477-90-1986
371,Kimberlee,Paramore,kparamoreaa@economist.com,Female,1352 Boyd Point,5001,419-977-7133,499-79-5204
372,Kaylil,Gillebert,kgillebertab@miitbeian.gov.cn,Female,5 Kennedy Alley,2765-366,914-191-4741,642-40-7456
373,Zachary,Sherrington,zsherringtonac@google.de,Male,6 Porter Hill,34479,352-669-9955,232-78-0296
374,Ozzy,Ege,oegead@furl.net,Male,885 Loomis Place,,299-304-1843,687-24-0760
375,Valeria,Cunliffe,vcunliffeae@scribd.com,Female,1159 Bluejay Park,155933,546-267-4190,540-82-4609
376,Antonin,Wyper,awyperaf@wikispaces.com,Male,5152 School Drive,,943-647-1225,552-37-7586
377,Tore,Kilmurry,tkilmurryag@webs.com,Male,9 7th Circle,,412-217-5848,653-39-5256
378,Amelita,Bouskill,abouskillah@instagram.com,Female,28 Center Park,155334,776-584-0702,549-63-9157
379,Wilfrid,Stubbe,wstubbeai@yellowpages.com,Male,31 Shoshone Street,,314-838-5825,686-28-2901
380,Hermione,Lurcock,hlurcockaj@freewebs.com,Female,89117 Mcguire Place,62-510,174-272-7861,185-50-6484
381,Crystal,Ivery,civeryak@wiley.com,Female,16386 Shelley Lane,,191-336-1991,438-16-4941
382,Gypsy,Halso,ghalsoal@howstuffworks.com,Female,33 La Follette Park,,858-355-5643,496-32-7245
383,Lindsey,Mabb,lmabbam@dropbox.com,Male,68367 Colorado Junction,4940-206,110-573-3701,103-94-8773
384,Garik,Devorill,gdevorillan@intel.com,Male,9163 Kingsford Crossing,,192-167-6952,304-70-7322
385,Ambrose,Pirkis,apirkisao@plala.or.jp,Male,2 Ronald Regan Park,67-120,746-557-7850,662-83-7834
386,Sileas,Cullum,scullumap@squidoo.com,Female,6 Vidon Trail,9214,860-942-4815,873-50-0144
387,Flin,Soot,fsootaq@about.me,Male,94552 Clarendon Park,,167-998-0509,718-96-7958
388,Herculie,Chelsom,hchelsomar@lulu.com,Male,74007 Sheridan Street,4425-005,861-809-4675,764-54-6085
389,Elisha,MacConnechie,emacconnechieas@reverbnation.com,Female,7804 2nd Terrace,,536-274-3633,734-82-5255
390,Giuseppe,Le Page,glepageat@t.co,Male,9 Carberry Point,,564-321-0985,120-26-5104
391,Karleen,Millership,kmillershipau@mayoclinic.com,Female,5444 Bunker Hill Drive,,877-478-4952,882-23-6586
392,Gracia,Rizzi,grizziav@paypal.com,Female,9477 Russell Plaza,,915-207-9353,836-01-5484
393,Ludwig,Bescoby,lbescobyaw@zimbio.com,Male,84768 Fairview Plaza,,768-445-4120,639-20-3191
394,Janka,Jopson,jjopsonax@ebay.com,Female,351 Browning Terrace,,236-726-0961,186-33-7318
395,Shirleen,Mostin,smostinay@businessweek.com,Female,08573 Brentwood Way,,778-644-3753,811-39-2672
396,Rene,Raecroft,rraecroftaz@homestead.com,Female,982 Red Cloud Street,07304 CEDEX,441-725-4483,170-69-1919
397,Arthur,Keightley,akeightleyb0@fc2.com,Male,8091 Merry Terrace,,306-104-8498,892-94-8711
398,Clement,Laidlow,claidlowb1@archive.org,Male,9 Ridgeview Drive,56400-000,877-625-9562,833-64-0462
399,Mata,Swett,mswettb2@stanford.edu,Male,177 8th Parkway,59162-000,740-978-8392,188-31-7410
400,Rhodia,Sandaver,rsandaverb3@is.gd,Female,0 Alpine Trail,152047,926-154-2968,507-18-5656
401,Flor,Ferenczi,fferenczib4@princeton.edu,Female,8916 Golden Leaf Road,5801,449-277-3047,590-29-3126
402,Renell,Feechum,rfeechumb5@weibo.com,Female,587 Dahle Alley,3523,702-147-2383,581-75-3556
403,Ema,Blose,ebloseb6@sciencedaily.com,Female,421 Independence Circle,,367-245-2389,791-14-5848
404,Shannen,Garley,sgarleyb7@ebay.co.uk,Female,6 Thompson Pass,,417-486-9086,693-51-0551
405,Lowell,Eiler,leilerb8@4shared.com,Male,9 Mesta Alley,,511-997-3174,293-90-9329
406,Hedda,Lope,hlopeb9@delicious.com,Female,29663 Melvin Alley,,733-220-0603,290-54-8507
407,Hildagarde,Sidebottom,hsidebottomba@biglobe.ne.jp,Female,682 American Place,72234 CEDEX,432-645-8564,263-29-4572
408,Hayden,Marflitt,hmarflittbb@i2i.jp,Male,5542 Forest Run Avenue,155553,768-449-9486,356-41-8080
409,Kesley,Samudio,ksamudiobc@wikia.com,Female,267 8th Circle,4608,420-186-6221,260-89-6038
410,Maren,Gilhouley,mgilhouleybd@networksolutions.com,Female,61 4th Parkway,,190-195-2219,262-88-8506
411,Robinet,Lourens,rlourensbe@unesco.org,Female,54 Magdeline Plaza,,127-758-6590,374-33-6630
412,Taddeusz,Gobbett,tgobbettbf@marriott.com,Male,005 Amoth Park,32004 CEDEX,518-826-0708,195-89-7598
413,Renate,Earwicker,rearwickerbg@hostgator.com,Female,61013 Derek Court,,346-723-8873,501-66-6177
414,Cynthia,Devaney,cdevaneybh@umich.edu,Female,677 Badeau Drive,96840,808-657-6577,809-58-7351
415,Evangelia,Roundtree,eroundtreebi@ucoz.com,Female,7 Fremont Park,47180,529-358-6881,194-82-8099
416,Verney,Mityashin,vmityashinbj@mozilla.org,Male,082 Bartelt Parkway,,143-853-8038,750-62-8207
417,Martie,Phillcock,mphillcockbk@statcounter.com,Male,1559 Welch Center,,180-991-5376,443-08-2457
418,Francisco,Soigne,fsoignebl@wsj.com,Male,73708 Acker Drive,7000,178-199-5275,102-28-9898
419,Dena,Trymme,dtrymmebm@ucsd.edu,Female,6 Esker Junction,,336-142-5457,215-30-6026
420,Palm,Ruslinge,pruslingebn@newsvine.com,Male,42 Westerfield Hill,,290-263-9260,288-65-1762
421,Demott,Elvy,delvybo@msu.edu,Male,38947 Shopko Drive,72-500,674-108-8388,230-49-4321
422,Bartie,Brahms,bbrahmsbp@flickr.com,Male,650 Jenna Trail,623109,764-404-2833,665-89-4528
423,Trudy,Vaughten,tvaughtenbq@ucsd.edu,Female,6446 Trailsway Hill,,282-286-7769,733-24-8929
424,Britney,McGray,bmcgraybr@home.pl,Female,8 Linden Pass,,958-510-4205,459-37-5690
425,Nikos,Cawse,ncawsebs@reverbnation.com,Male,32385 Reinke Pass,5103,754-668-0705,458-57-3676
426,Barnaby,Sadgrove,bsadgrovebt@timesonline.co.uk,Male,8970 Thierer Park,,666-153-9703,195-09-0843
427,Weston,Burder,wburderbu@state.tx.us,Male,338 Pearson Pass,,481-938-5748,112-99-1737
428,Pattie,Longstaffe,plongstaffebv@xing.com,Male,9 Crowley Drive,391448,441-816-8707,247-70-8241
429,Pernell,Brien,pbrienbw@devhub.com,Male,6 Bashford Way,,253-860-3158,156-50-2041
430,Florenza,Dimitrie,fdimitriebx@walmart.com,Female,33482 Thompson Drive,404170,186-981-8555,864-79-2861
431,Kristel,Marchand,kmarchandby@who.int,Female,73339 Shelley Drive,592 01,249-645-6417,388-06-5307
432,Gauthier,Symington,gsymingtonbz@webs.com,Male,285 Lotheville Drive,,642-459-4711,470-07-6184
433,Vivianna,Bertomieu,vbertomieuc0@ihg.com,Female,7 Granby Hill,,799-385-0663,564-35-4605
434,Janelle,Case,jcasec1@soundcloud.com,Female,4250 Moland Plaza,67110,394-369-7038,556-50-4988
435,Durante,Krolik,dkrolikc2@alexa.com,Male,7 Mallard Way,356537,445-405-4225,896-43-8448
436,Troy,Chape,tchapec3@mayoclinic.com,Male,40 Maywood Avenue,,808-996-0629,467-69-0308
437,Carroll,MacHoste,cmachostec4@answers.com,Male,359 Chive Drive,22270,689-396-6730,704-12-6463
438,Noel,Llewellin,nllewellinc5@csmonitor.com,Female,44342 Bay Place,366041,462-393-4463,872-77-4036
439,Geoffrey,Kennady,gkennadyc6@engadget.com,Male,15 Pine View Place,742 83,492-907-7526,762-08-4197
440,Nate,Arrigo,narrigoc7@taobao.com,Male,19 Dunning Avenue,630534,989-437-9418,545-60-9563
441,Kristal,Maskelyne,kmaskelynec8@cloudflare.com,Female,9 Anderson Plaza,09-213,568-299-0211,780-26-1012
442,Benedetto,Whybray,bwhybrayc9@craigslist.org,Male,486 Melvin Place,1950,637-336-2048,318-30-8129
443,Michale,Myderscough,mmyderscoughca@bloglines.com,Male,76389 Londonderry Center,,562-920-7343,696-78-9622
444,Elsa,Brownsey,ebrownseycb@mtv.com,Female,63 Eliot Street,,730-631-2686,599-33-0569
445,Dian,Leech,dleechcc@spiegel.de,Female,4 Tomscot Pass,,364-702-4881,584-92-9703
446,Nickie,Tunnacliffe,ntunnacliffecd@squidoo.com,Male,940 Clyde Gallagher Drive,,857-599-3175,326-12-7254
447,Marmaduke,Laxen,mlaxence@msn.com,Male,4 Melody Terrace,694 24,382-917-1423,110-81-4651
448,Estell,Gilyatt,egilyattcf@npr.org,Female,8 Center Point,,329-870-3576,230-86-2350
449,Ninon,Shiel,nshielcg@devhub.com,Female,05140 Pearson Trail,685518,454-290-9454,345-25-5863
450,Kaila,Gabbotts,kgabbottsch@sfgate.com,Female,1131 Dryden Crossing,,237-798-6731,786-10-8733
451,Dillon,Mole,dmoleci@deviantart.com,Male,928 Dennis Street,,196-808-4809,478-69-9282
452,Koralle,Tyce,ktycecj@xinhuanet.com,Female,1517 Rieder Trail,141662,685-336-8551,315-04-3233
453,Orson,Van Der Weedenburg,ovanderweedenburgck@booking.com,Male,273 Vidon Circle,,175-820-4173,253-04-7784
454,Kipper,Gallegos,kgallegoscl@parallels.com,Male,1941 Tennyson Drive,12700-000,295-539-9603,401-97-5186
455,Ebonee,Parslow,eparslowcm@sfgate.com,Female,6 Bartelt Place,,703-123-1150,580-60-5668
456,Eirena,Simmons,esimmonscn@yale.edu,Female,2620 Ronald Regan Avenue,,218-768-0359,377-99-7665
457,Douglas,Batchelor,dbatchelorco@twitter.com,Male,5 Becker Crossing,,803-316-7374,628-35-5956
458,Godwin,Janecek,gjanecekcp@netlog.com,Male,703 Lerdahl Lane,,856-368-0895,337-08-4162
459,Web,Curling,wcurlingcq@t.co,Male,06 Glacier Hill Avenue,28020,198-343-9948,318-58-2143
460,Willey,Badby,wbadbycr@gnu.org,Male,90 Stone Corner Crossing,188502,615-178-7074,577-41-4622
461,Mario,Spoors,mspoorscs@foxnews.com,Male,539 Barnett Court,,925-721-7924,438-43-2202
462,Lorna,Oldham,loldhamct@yale.edu,Female,8177 Dixon Center,95-001,839-961-4329,565-23-6967
463,Karl,Dobsons,kdobsonscu@digg.com,Male,38061 Killdeer Way,,167-290-3722,212-47-7357
464,Dorree,Blyth,dblythcv@mail.ru,Female,75 Grim Point,,677-825-3740,333-08-5240
465,Allyn,Cisneros,acisneroscw@apache.org,Female,2647 Annamark Lane,,645-777-9539,290-82-5036
466,Thomas,Gallgher,tgallghercx@friendfeed.com,Male,920 Village Alley,J4N,600-463-9882,830-19-6686
467,Jermain,Janjusevic,jjanjuseviccy@quantcast.com,Male,9941 8th Lane,,357-450-9211,310-76-1254
468,Claudina,Worsley,cworsleycz@slideshare.net,Female,278 Redwing Parkway,1304,478-605-2619,382-78-5779
469,Abie,McNeely,amcneelyd0@usatoday.com,Male,26959 Gulseth Drive,416457,228-532-1248,824-71-1270
470,Elizabet,Fitzpayn,efitzpaynd1@howstuffworks.com,Female,091 Morningstar Parkway,12530-000,340-337-5055,415-23-5422
471,Dynah,Lancaster,dlancasterd2@blinklist.com,Female,5317 Springview Lane,94475,205-711-8076,809-19-9168
472,Diane-marie,Kaman,dkamand3@123-reg.co.uk,Female,9 Hollow Ridge Point,,466-271-7801,286-26-7495
473,Allx,Neno,anenod4@reuters.com,Female,46850 Sunnyside Junction,3050-015,208-139-5110,771-01-7869
474,Tomasina,O'Suaird,tosuairdd5@alexa.com,Female,4 Warrior Court,,789-854-1960,312-82-7021
475,Zane,Yarwood,zyarwoodd6@wp.com,Male,68750 Merry Hill,,933-116-1183,161-25-3517
476,Sandor,Seston,ssestond7@tinypic.com,Male,34293 Burning Wood Avenue,,560-778-6770,715-65-1080
477,Lilla,Sellen,lsellend8@ftc.gov,Female,4 Towne Circle,551 01,990-376-7356,892-21-5491
478,Constancia,Charer,ccharerd9@gizmodo.com,Female,18179 Summit Lane,,224-564-3784,103-02-6356
479,Lilas,Shurmore,lshurmoreda@w3.org,Female,25 Shelley Plaza,,120-374-3625,545-90-9838
480,Chuck,Draycott,cdraycottdb@baidu.com,Male,86 Ronald Regan Point,,634-383-2910,898-90-7870
481,Annetta,O'Teague,aoteaguedc@kickstarter.com,Female,6686 Bonner Center,,780-149-3451,764-63-9046
482,Reiko,Ventam,rventamdd@mozilla.com,Female,13 Anhalt Terrace,,366-298-6045,725-63-1853
483,Case,Arnoll,carnollde@army.mil,Male,14232 Sunfield Way,15240,945-614-3029,233-45-5921
484,Corenda,Goodfellow,cgoodfellowdf@home.pl,Female,69195 Maple Alley,13250,615-148-2282,851-32-9105
485,Kathrine,Tarbox,ktarboxdg@github.io,Female,80 Grim Point,,476-384-6555,105-37-9020
486,Viole,Calbaithe,vcalbaithedh@youtu.be,Female,03 Dorton Place,4805-550,473-517-6246,561-56-5861
487,Lucias,Bilbey,lbilbeydi@bizjournals.com,Male,3087 Golden Leaf Avenue,7034,676-424-4331,294-71-6610
488,Jayme,Whitehorn,jwhitehorndj@yandex.ru,Female,08 Fulton Terrace,58378-000,941-614-5922,301-35-7445
489,Caz,Gallemore,cgallemoredk@addtoany.com,Male,59 Independence Drive,4206,576-318-0470,247-52-4051
490,Laryssa,Matityahu,lmatityahudl@adobe.com,Female,2 Monterey Park,1933,508-346-1916,673-52-7397
491,Matty,Lowder,mlowderdm@ucsd.edu,Male,7075 Hintze Street,,410-139-7213,552-23-0749
492,Des,Nijssen,dnijssendn@auda.org.au,Male,7 Ridgeview Terrace,3525-355,236-183-1853,571-61-7284
493,Marci,Poat,mpoatdo@vimeo.com,Female,75 Graedel Way,413008,422-757-7496,497-87-9062
494,Mendie,Lack,mlackdp@google.de,Male,761 Corscot Crossing,,914-552-1208,547-89-0292
495,Dorolice,Leaburn,dleaburndq@alexa.com,Female,23 Buell Circle,,841-683-3337,304-55-4338
496,Waite,De Carlo,wdecarlodr@naver.com,Male,3234 Mitchell Crossing,9004,862-296-5170,505-02-0029
497,Vite,Paolino,vpaolinods@netvibes.com,Male,44 Little Fleur Trail,904 22,881-165-4467,691-72-4168
498,Levin,Snarie,lsnariedt@smugmug.com,Male,37099 Moose Road,,611-580-6573,688-66-8275
499,Maurizio,Newns,mnewnsdu@boston.com,Male,9999 Hermina Place,,938-330-3301,750-65-5387
500,Guido,Velte,gveltedv@yolasite.com,Male,549 Calypso Center,,245-344-6515,842-48-9896
501,Harman,Adie,hadiedw@disqus.com,Male,110 3rd Circle,58278-000,288-168-8339,248-74-7164
502,Deonne,Clink,dclinkdx@acquirethisname.com,Female,6350 Jenna Street,,548-888-7215,896-15-7986
503,Edward,Hosier,ehosierdy@nsw.gov.au,Male,2 Arapahoe Lane,39-204,407-452-2594,747-10-9621
504,Harman,Frensche,hfrenschedz@blogs.com,Male,5 Melody Circle,,502-761-5698,572-97-3834
505,Cristi,Huniwall,chuniwalle0@last.fm,Female,03040 Shopko Way,,466-337-4104,621-80-7209
506,Arlen,Vyvyan,avyvyane1@answers.com,Female,3753 Hooker Drive,,909-884-4026,264-97-5202
507,Clementius,Gerdts,cgerdtse2@linkedin.com,Male,781 Waywood Trail,5930,617-626-9411,822-11-3985
508,Konrad,Beton,kbetone3@ovh.net,Male,14297 Twin Pines Court,,591-665-5057,625-70-6552
509,Lu,Hargrave,lhargravee4@rambler.ru,Female,379 Susan Park,,307-169-3999,708-25-5451
510,Rowland,Dukes,rdukese5@ask.com,Male,61 Wayridge Court,,221-737-0215,163-44-1257
511,Arluene,Gentiry,agentirye6@nytimes.com,Female,9030 Transport Parkway,,698-465-1622,553-88-4919
512,Fremont,Popescu,fpopescue7@ning.com,Male,27531 Macpherson Place,,213-848-4107,768-85-5265
513,Brody,Hartin,bhartine8@w3.org,Male,18 Bluestem Court,,151-761-1639,769-12-7264
514,Feodor,Coughtrey,fcoughtreye9@drupal.org,Male,6 Roth Way,35900-000,729-912-9390,676-86-7445
515,Austen,Atyea,aatyeaea@house.gov,Male,624 Pawling Street,,744-599-1031,389-19-5114
516,Derby,Pavolini,dpavolinieb@blinklist.com,Male,675 Browning Trail,987-0121,809-551-2358,443-67-7628
517,Jervis,Van Geffen,jvangeffenec@diigo.com,Male,2 Anhalt Center,36205,256-436-2517,137-42-7339
518,Mordy,Dysert,mdyserted@typepad.com,Male,2 Homewood Lane,1068,229-551-9291,816-66-6548
519,Gail,Fassmann,gfassmannee@nasa.gov,Female,3243 Sullivan Avenue,363759,646-758-1328,627-52-2174
520,Coop,Cansfield,ccansfieldef@paypal.com,Male,2578 Calypso Park,69260-000,609-419-5018,361-51-9382
521,Norton,Rantoul,nrantouleg@posterous.com,Male,145 Cherokee Place,,832-142-4840,133-56-6193
522,Gar,Giordano,ggiordanoeh@a8.net,Male,484 Birchwood Pass,7600-411,202-225-6211,627-26-0864
523,Joella,Fairley,jfairleyei@google.co.jp,Female,245 Waxwing Way,,521-176-3866,842-30-7043
524,Dorothea,Stovold,dstovoldej@edublogs.org,Female,92 Union Drive,617210,670-188-5075,184-28-5687
525,Dulci,Isacsson,disacssonek@sciencedirect.com,Female,1931 Eastwood Parkway,,660-170-6517,464-23-0551
526,Hugues,MacAlester,hmacalesterel@noaa.gov,Male,4 Katie Court,541 45,397-143-9771,249-48-3601
527,Shelden,Dougherty,sdoughertyem@noaa.gov,Male,8349 Jenna Avenue,,447-853-0982,699-63-3489
528,Zak,Ryrie,zryrieen@wisc.edu,Male,8111 Bluestem Street,12900-000,746-677-7270,646-30-7403
529,Leland,Hembery,lhemberyeo@4shared.com,Female,87141 Caliangt Park,,397-846-2914,696-33-0435
530,Town,Nisbith,tnisbithep@virginia.edu,Male,40 Graedel Alley,,268-740-2456,103-36-9402
531,Cob,Auden,caudeneq@hatena.ne.jp,Male,4253 Bunting Point,,665-446-0062,169-57-2585
532,Penny,Davana,pdavanaer@unblog.fr,Male,4 Bunting Junction,38554 CEDEX,347-809-9322,521-63-9036
533,Rooney,Cathesyed,rcathesyedes@bigcartel.com,Male,3 Atwood Park,973 46,859-424-5565,180-49-8180
534,Pippa,Sugar,psugaret@virginia.edu,Female,63053 Thierer Point,,682-696-8602,811-36-6151
535,Ashlen,Geistbeck,ageistbeckeu@ted.com,Female,4628 Bultman Terrace,34294 CEDEX 5,413-840-2166,209-64-6997
536,Ruprecht,Blundin,rblundinev@toplist.cz,Male,59316 Stephen Park,,581-105-4286,424-80-5079
537,Amalee,Willcox,awillcoxew@cbslocal.com,Female,6 Susan Street,,843-407-6534,566-07-3322
538,Maurise,Gerrens,mgerrensex@macromedia.com,Male,15 Lyons Street,507 13,849-779-1063,853-55-5089
539,Doro,Burrass,dburrassey@theguardian.com,Female,4 Nobel Hill,,970-374-9066,473-94-9598
540,Cordula,Cecil,ccecilez@icq.com,Female,080 Graedel Court,,338-249-2826,623-08-7006
541,Fletcher,MacDougall,fmacdougallf0@t-online.de,Male,4 Columbus Junction,,961-559-0064,826-29-7002
542,Rudolph,Rodgers,rrodgersf1@geocities.jp,Male,6239 Tomscot Street,,590-332-8384,860-27-0722
543,Esra,Rush,erushf2@miitbeian.gov.cn,Male,6242 Walton Junction,197733,713-533-5788,823-26-2404
544,Melodie,Burden,mburdenf3@soundcloud.com,Female,8932 Mayer Parkway,,511-306-6286,633-44-1105
545,Darya,Brodest,dbrodestf4@reddit.com,Female,925 Thackeray Avenue,,721-170-0551,627-18-7739
546,Alexei,Jecks,ajecksf5@xinhuanet.com,Male,59 Leroy Park,4805-196,357-803-3164,537-52-2952
547,Miguelita,Shelper,mshelperf6@nih.gov,Female,786 Mesta Circle,,954-329-0754,343-47-2056
548,Janet,Dotson,jdotsonf7@purevolume.com,Female,0 Shelley Lane,,255-485-8434,855-78-1103
549,Jecho,Gilman,jgilmanf8@state.gov,Male,33 Northwestern Park,3642,938-582-8824,195-66-5619
550,Biron,Cockerham,bcockerhamf9@addthis.com,Male,39538 5th Crossing,,894-296-6286,633-10-8121
551,Kermie,Daughtery,kdaughteryfa@ibm.com,Male,57542 Dexter Drive,43-267,211-869-7836,820-23-6162
552,Annabelle,Ladd,aladdfb@artisteer.com,Female,7049 Del Sol Pass,,226-816-9963,358-71-4675
553,Arly,Keetley,akeetleyfc@tinyurl.com,Female,93265 Hanson Court,649792,781-555-4449,261-61-2141
554,Jacques,Wortt,jworttfd@cbsnews.com,Male,76108 Bayside Street,,397-543-7821,256-10-4188
555,Yvon,Dale,ydalefe@altervista.org,Male,9764 Harbort Center,3306,251-636-2737,781-81-2269
556,Yorker,Licas,ylicasff@deviantart.com,Male,99271 Main Court,366301,185-391-5782,673-21-3442
557,Jard,Arbuckel,jarbuckelfg@altervista.org,Male,34293 Fieldstone Circle,382 08,232-886-2296,124-43-1433
558,Andres,Vettore,avettorefh@qq.com,Male,44548 Del Mar Junction,,725-664-6417,582-47-6631
559,Manuel,Caile,mcailefi@stumbleupon.com,Male,03 Duke Place,5828,732-371-6674,193-72-0620
560,Angeline,Kenafaque,akenafaquefj@netlog.com,Female,569 Holmberg Plaza,25532,602-953-1999,661-09-4450
561,Klemens,Pilbeam,kpilbeamfk@google.com.hk,Male,089 Rowland Parkway,E4W,175-915-8052,567-92-6466
562,Allyson,Benjefield,abenjefieldfl@ihg.com,Female,08 Kropf Drive,17004,611-725-6761,779-79-0196
563,Marti,Laytham,mlaythamfm@nyu.edu,Female,92869 Hanover Lane,,673-111-9994,546-82-5530
564,Izak,Kembery,ikemberyfn@hatena.ne.jp,Male,22 Barnett Avenue,,834-797-6227,698-53-5943
565,Dyann,Llopis,dllopisfo@independent.co.uk,Female,62 Wayridge Circle,J5K,820-524-3991,679-59-1647
566,Zita,Askew,zaskewfp@geocities.jp,Female,29 Delladonna Court,,124-100-4211,363-02-2409
567,Davide,Adey,dadeyfq@uol.com.br,Male,7 Mendota Drive,763 32,713-528-1516,605-39-4788
568,Odey,Bumby,obumbyfr@omniture.com,Male,6191 Eggendart Point,,336-466-4688,683-92-9169
569,Archibaldo,Grunnill,agrunnillfs@bloglines.com,Male,79726 Hanover Plaza,,676-809-7488,148-62-5538
570,Sal,Dipple,sdippleft@vkontakte.ru,Female,1602 Killdeer Terrace,T0C,685-567-0412,374-77-1044
571,Donaugh,Struis,dstruisfu@archive.org,Male,481 Dakota Circle,135 40,374-461-1859,298-14-6631
572,Allix,Buckland,abucklandfv@slate.com,Female,8749 Heath Plaza,,384-966-8382,837-53-3905
573,Carlotta,Klink,cklinkfw@privacy.gov.au,Female,162 Reindahl Point,,142-640-1717,463-14-9446
574,Darsey,Guilfoyle,dguilfoylefx@simplemachines.org,Female,5895 Heath Street,2716,129-545-9921,802-14-0061
575,Mehetabel,Murt,mmurtfy@archive.org,Female,40 Michigan Parkway,,738-807-8682,863-07-0177
576,Geordie,Carse,gcarsefz@java.com,Male,5 Bunting Lane,,986-375-3225,432-33-1532
577,Ilsa,Dacks,idacksg0@theglobeandmail.com,Female,42028 Eliot Plaza,,622-976-4360,236-07-4342
578,Thain,Mary,tmaryg1@about.me,Male,86 Rutledge Place,13250,986-180-5814,316-59-9935
579,Guy,Reims,greimsg2@examiner.com,Male,3 Pleasure Avenue,,735-159-9471,592-93-1412
580,Alia,Rait,araitg3@unc.edu,Female,8208 Pearson Circle,,729-984-2997,474-82-0192
581,Quinta,Sigge,qsiggeg4@ask.com,Female,43 Pleasure Plaza,720-2417,905-482-5163,770-38-9228
582,Inness,Cramp,icrampg5@sciencedirect.com,Male,53320 Randy Lane,10740,336-219-9824,225-89-9781
583,Reginald,Oherlihy,roherlihyg6@cpanel.net,Male,243 Ridgeway Way,368700,840-284-8216,831-21-4579
584,Cordie,Burwood,cburwoodg7@cbsnews.com,Male,419 Anthes Trail,7455,919-194-0696,478-76-9110
585,Matt,Bleiman,mbleimang8@infoseek.co.jp,Male,418 Straubel Park,968,861-834-3811,335-71-9727
586,Darb,Dunster,ddunsterg9@howstuffworks.com,Female,9 Dovetail Terrace,,363-714-6976,843-91-8069
587,Adina,Benner,abennerga@miibeian.gov.cn,Female,07672 Rockefeller Junction,14800-000,215-743-4112,613-46-7279
588,Isaiah,Phair,iphairgb@cocolog-nifty.com,Male,024 Schlimgen Plaza,6270,443-513-8627,590-89-9714
589,Griswold,Zaple,gzaplegc@dyndns.org,Male,81 Rieder Drive,,435-379-9910,604-15-5225
590,Arnoldo,Follacaro,afollacarogd@google.cn,Male,276 Fisk Parkway,,339-834-5396,310-27-8871
591,Ric,Esplin,resplinge@newyorker.com,Male,9 Golf Course Alley,,104-173-3814,620-47-7515
592,Chad,Boles,cbolesgf@hexun.com,Male,91166 Springs Point,659700,782-161-2615,280-96-0535
593,Julienne,Bartosik,jbartosikgg@google.com.au,Female,0 Judy Trail,71200,296-438-4433,632-69-3566
594,Gardie,Fey,gfeygh@geocities.jp,Male,4411 Summit Trail,,311-871-1141,534-63-6118
595,Hubey,Bendell,hbendellgi@vimeo.com,Male,96 Barby Hill,4690-282,870-185-4885,142-92-0272
596,Gilda,Moss,gmossgj@spiegel.de,Female,196 Morning Plaza,347-0105,518-757-3941,521-80-3841
597,Reube,Cocci,rcoccigk@reddit.com,Male,9 Little Fleur Way,,506-895-8601,359-57-0546
598,Shara,Lardge,slardgegl@canalblog.com,Female,83303 Bowman Junction,,932-994-1652,239-61-1307
599,Donielle,Roncelli,droncelligm@xing.com,Female,0 Redwing Point,821 94,456-282-3203,534-05-3697
600,Thornton,Trehearne,ttrehearnegn@spiegel.de,Male,4904 Green Hill,,526-591-4630,752-01-2214
601,Sandy,Haggis,shaggisgo@tumblr.com,Male,44650 Menomonie Trail,41004 CEDEX,494-825-9819,801-47-4548
602,Ellissa,Nossent,enossentgp@harvard.edu,Female,2852 Pleasure Center,9407,233-652-9255,781-78-3561
603,Tarrance,Frackiewicz,tfrackiewiczgq@deviantart.com,Male,73446 Anhalt Avenue,17980-000,431-699-7751,222-29-3656
604,Carlyn,Grishakin,cgrishakingr@twitpic.com,Female,817 Fulton Hill,31005,541-102-9009,657-86-4448
605,Olav,Petrowsky,opetrowskygs@usnews.com,Male,621 Arapahoe Pass,,605-737-1291,684-67-4924
606,Barbi,Bruntjen,bbruntjengt@friendfeed.com,Female,8101 Monica Way,26700-000,921-218-0353,258-22-0234
607,Grata,Summersett,gsummersettgu@ft.com,Female,6 Mariners Cove Avenue,,828-533-4887,686-06-0928
608,Graeme,Stede,gstedegv@yahoo.co.jp,Male,026 Blaine Plaza,9024,537-240-4285,713-99-4255
609,Nerte,Hardinge,nhardingegw@tinyurl.com,Female,16199 Novick Road,,886-448-0964,321-08-9985
610,Anselma,Union,auniongx@taobao.com,Female,90 Aberg Lane,5309,917-957-9766,398-70-0776
611,Addy,Khomishin,akhomishingy@prnewswire.com,Female,706 Duke Crossing,,121-532-2625,110-65-3187
612,Maridel,Snasel,msnaselgz@drupal.org,Female,88 John Wall Avenue,396779,504-698-1415,129-36-1730
613,Otho,Berzen,oberzenh0@a8.net,Male,51 Hermina Parkway,,211-501-2455,462-19-4747
614,Garrik,Shrieves,gshrievesh1@addtoany.com,Male,94500 Pierstorff Crossing,27900-000,600-803-5040,130-84-7128
615,Felice,Rubrow,frubrowh2@walmart.com,Female,452 Leroy Point,,775-205-0057,204-07-8800
616,Rebecka,Lurriman,rlurrimanh3@gov.uk,Female,43532 Montana Parkway,1316,290-589-1846,377-80-1368
617,Cathy,Assante,cassanteh4@meetup.com,Female,427 Warbler Terrace,2316,977-323-0184,890-51-8431
618,Afton,Jelley,ajelleyh5@hugedomains.com,Female,23585 Forest Circle,4219,627-152-1214,144-19-1650
619,Shaine,Cowtherd,scowtherdh6@aboutads.info,Male,27474 Algoma Plaza,,841-540-5569,775-31-3199
620,Standford,Leinweber,sleinweberh7@angelfire.com,Male,3822 Harbort Lane,,957-629-9597,456-94-0093
621,Jeremias,Gerardeaux,jgerardeauxh8@springer.com,Male,36631 Crowley Alley,,194-569-9326,561-34-3089
622,Mariann,Gorse,mgorseh9@xrea.com,Female,19775 Ohio Avenue,,860-578-0635,210-08-2011
623,Genevra,Elden,geldenha@hugedomains.com,Female,0 Lotheville Place,,645-984-4664,264-97-7564
624,Waylon,Biagioni,wbiagionihb@nationalgeographic.com,Male,37226 Oak Valley Alley,57250,476-865-1215,532-56-9040
625,Clare,Gabler,cgablerhc@prnewswire.com,Male,7 Upham Hill,,387-562-3908,420-80-4365
626,Den,Brundle,dbrundlehd@aboutads.info,Male,40 Novick Avenue,94463,678-344-3850,140-11-4722
627,Grant,Reed,greedhe@mashable.com,Male,06 Cottonwood Park,,720-272-7637,649-15-9365
628,Emilee,Pond-Jones,epondjoneshf@booking.com,Female,0 Norway Maple Pass,430901,767-123-0761,537-98-3061
629,Kaspar,Lantuffe,klantuffehg@blogs.com,Male,02864 Homewood Crossing,3996,316-759-0642,684-74-8481
630,Linnie,Yoselevitch,lyoselevitchhh@indiatimes.com,Female,630 Merchant Avenue,6203,573-694-1369,249-22-1266
631,Arda,Semple,asemplehi@cam.ac.uk,Female,676 Daystar Drive,,679-225-6572,105-37-7517
632,Carlen,Stidworthy,cstidworthyhj@europa.eu,Female,9662 3rd Parkway,,329-862-8874,271-50-1393
633,Ari,Webber,awebberhk@nba.com,Male,8 Nova Avenue,,508-543-8010,469-56-2376
634,Fara,Tythe,ftythehl@alibaba.com,Female,172 Charing Cross Place,15880,763-489-0206,494-54-7897
635,Roberta,Fullegar,rfullegarhm@amazon.co.jp,Female,3 Graedel Street,,798-403-8953,292-32-4278
636,Cammie,Olsson,colssonhn@wsj.com,Female,05551 Northport Crossing,41270,165-685-7237,814-68-7993
637,Madelon,Frantz,mfrantzho@sciencedirect.com,Female,6297 Armistice Junction,7030,547-406-4101,809-32-1918
638,Bendicty,Procter,bprocterhp@mit.edu,Male,9533 Heffernan Court,,423-214-4430,543-50-3334
639,Claudianus,Spilstead,cspilsteadhq@oakley.com,Male,7439 Pawling Trail,,508-938-0997,167-54-2869
640,Rozalin,MacMickan,rmacmickanhr@arizona.edu,Female,61871 Karstens Parkway,,157-432-6443,468-45-3634
641,Theodore,Arckoll,tarckollhs@mozilla.com,Male,1632 Thompson Lane,,634-504-8586,564-02-6854
642,Kelby,Regorz,kregorzht@cocolog-nifty.com,Male,6 Jana Court,,383-314-6356,268-01-4046
643,Lev,Realff,lrealffhu@flickr.com,Male,1470 Hanover Parkway,442591,879-151-3611,504-76-5733
644,Alfie,Snead,asneadhv@newyorker.com,Female,49 Donald Circle,,453-919-4433,770-35-9257
645,Tabbitha,Kraft,tkrafthw@storify.com,Female,23800 Fair Oaks Pass,,972-446-3092,303-16-7959
646,Mel,Deares,mdeareshx@washingtonpost.com,Male,13742 Havey Circle,,624-882-7078,897-17-6495
647,Arturo,Pelman,apelmanhy@businessweek.com,Male,3 Artisan Point,L1X,646-442-9431,186-93-2592
648,Emerson,Valentinuzzi,evalentinuzzihz@wisc.edu,Male,07 Summer Ridge Trail,94800,661-787-1796,642-44-8725
649,Bernie,Coots,bcootsi0@mapy.cz,Male,9931 Sommers Circle,,214-304-6927,227-33-2671
650,Arch,McGaugey,amcgaugeyi1@youtu.be,Male,61482 Dexter Lane,16301,488-320-5425,571-82-1114
651,Wendeline,Youngs,wyoungsi2@naver.com,Female,46752 Sheridan Terrace,95590-000,337-643-6436,542-52-6722
652,Ruperta,Dorkens,rdorkensi3@plala.or.jp,Female,16679 Dapin Court,,930-659-9685,428-09-7431
653,Anthia,Doust,adousti4@etsy.com,Female,844 Basil Park,,173-773-6754,190-45-6348
654,Roxanne,Heber,rheberi5@reverbnation.com,Female,2640 1st Trail,,709-992-3601,278-84-6494
655,Gar,Beasleigh,gbeasleighi6@google.de,Male,8 Caliangt Circle,SW1E,690-865-2918,359-54-3385
656,Rori,Petti,rpettii7@woothemes.com,Female,94 Mallory Circle,952 61,266-835-4417,342-47-2745
657,Blancha,Insley,binsleyi8@theguardian.com,Female,02 Summerview Point,,650-154-9062,867-32-4910
658,Xylia,Tunnicliff,xtunnicliffi9@cdc.gov,Female,32 Monterey Junction,,331-870-2885,110-05-3489
659,Pia,Caldero,pcalderoia@deviantart.com,Female,81736 Eagan Pass,,455-459-3008,194-21-1701
660,Omero,Auty,oautyib@naver.com,Male,29127 Linden Lane,,695-412-7061,277-37-6006
661,Aloise,Lackinton,alackintonic@sakura.ne.jp,Female,39 Morning Parkway,80262,303-263-1059,384-81-9583
662,Darda,Huscroft,dhuscroftid@state.gov,Female,61376 Sheridan Drive,,230-348-1521,337-77-4699
663,Margot,Ciobutaru,mciobutaruie@apple.com,Female,65559 Green Ridge Trail,,793-987-1401,627-08-8418
664,Frazier,Finci,ffinciif@toplist.cz,Male,142 Morningstar Lane,990-1274,209-320-3048,212-14-6112
665,Farlie,Maulkin,fmaulkinig@virginia.edu,Male,7 Autumn Leaf Alley,7142,791-438-6030,556-64-4056
666,Jabez,Meenehan,jmeenehanih@cnet.com,Male,1775 Brickson Park Point,,883-243-8364,471-27-4930
667,Gian,Karlmann,gkarlmannii@washingtonpost.com,Male,79 Kennedy Terrace,186810,278-525-6763,436-51-5364
668,Josepha,Fairclough,jfaircloughij@si.edu,Female,90 Caliangt Court,8427,479-448-0225,828-25-2567
669,Valencia,Tofano,vtofanoik@statcounter.com,Female,30207 Transport Terrace,52438,999-869-2507,550-83-7506
670,Edita,Snugg,esnuggil@home.pl,Female,4235 Claremont Place,9210,320-904-8617,443-29-9097
671,Karoline,Musson,kmussonim@sina.com.cn,Female,1 Arrowood Parkway,2436,114-138-5889,705-43-2904
672,Hephzibah,Woolf,hwoolfin@intel.com,Female,626 Summit Hill,721 19,743-848-3606,421-79-0566
673,Pepi,Cadlock,pcadlockio@domainmarket.com,Female,23 Montana Plaza,10805,867-770-0250,275-49-7181
674,Donny,McShee,dmcsheeip@google.co.uk,Male,09295 Green Ridge Way,417 17,634-478-6506,641-02-9646
675,Adelle,Delnevo,adelnevoiq@issuu.com,Female,63 Walton Way,6440-104,813-584-2623,323-31-2435
676,Jon,Durnin,jdurninir@gnu.org,Male,140 Butterfield Plaza,,151-318-8021,423-87-6207
677,Ingunna,Pullar,ipullaris@oracle.com,Female,39106 Northview Junction,,735-926-5493,631-99-9609
678,Gaye,Benallack,gbenallackit@time.com,Female,03374 Nova Circle,3129,363-514-5433,573-31-5268
679,Baryram,Gimeno,bgimenoiu@auda.org.au,Male,138 Ohio Crossing,,891-630-6001,598-32-8177
680,Jedidiah,Sandcroft,jsandcroftiv@examiner.com,Male,1827 Kinsman Drive,,587-715-6845,146-64-3939
681,Katrine,Mapes,kmapesiw@wordpress.com,Female,001 Carey Hill,55750-000,351-182-2255,139-14-3438
682,Saxe,Dionisetti,sdionisettiix@aboutads.info,Male,80524 Emmet Way,125364,915-777-7709,852-26-3497
683,Samaria,Szach,sszachiy@wunderground.com,Female,18 Sachs Street,,591-729-9900,351-28-0347
684,Wendie,Tainton,wtaintoniz@techcrunch.com,Female,699 Thompson Drive,181019,937-996-9933,879-63-4397
685,Leonid,Bernette,lbernettej0@aol.com,Male,376 Holy Cross Pass,121 29,264-209-8503,802-20-3144
686,Howie,Fraschetti,hfraschettij1@nifty.com,Male,540 Dapin Place,59815-000,818-554-8996,324-59-6931
687,Riley,Fredi,rfredij2@rakuten.co.jp,Male,6718 Delaware Court,,686-831-1475,883-12-9078
688,Reggi,Allom,rallomj3@dailymotion.com,Female,3 Rutledge Point,,227-789-9177,720-43-7420
689,Catharina,Ailmer,cailmerj4@quantcast.com,Female,509 Basil Drive,,317-186-7144,322-97-1385
690,Patrizio,Upton,puptonj5@amazonaws.com,Male,87 Lawn Way,,486-990-5251,582-56-2331
691,Avram,Cosh,acoshj6@google.nl,Male,93206 Milwaukee Junction,,160-885-2770,777-91-5461
692,Guido,Gutherson,gguthersonj7@woothemes.com,Male,5 Veith Drive,181000,819-581-6612,223-96-6330
693,Dyann,Presslee,dpressleej8@marriott.com,Female,75 Ludington Hill,5919,478-157-8065,498-77-9454
694,Margalit,Oven,movenj9@plala.or.jp,Female,96 Sutteridge Court,R3L,473-885-9875,625-45-9898
695,Davina,Clarricoates,dclarricoatesja@printfriendly.com,Female,6974 Arapahoe Hill,,474-966-6451,657-34-0740
696,Willem,O'Deoran,wodeoranjb@nymag.com,Male,47068 Eastwood Trail,88710,259-723-4774,165-30-9084
697,Pet,Bispo,pbispojc@nih.gov,Female,2 Hovde Lane,346550,406-849-1754,670-76-8222
698,Jemmie,Hugland,jhuglandjd@gov.uk,Female,8 Texas Drive,7947,727-450-5203,465-21-1169
699,Jonis,Brownlie,jbrownlieje@answers.com,Female,85 Golf View Park,,395-922-3562,565-79-2620
700,Nikolia,MacGorrie,nmacgorriejf@rediff.com,Female,07564 Debs Park,,115-924-0486,508-89-1969
701,Sukey,Mulrooney,smulrooneyjg@yandex.ru,Female,314 Leroy Plaza,88820-000,910-928-9729,647-49-7282
702,Ibbie,Stapells,istapellsjh@hatena.ne.jp,Female,63 Thompson Court,,914-528-5829,505-26-2576
703,Dodie,Labbati,dlabbatiji@fda.gov,Female,90 Golf Course Drive,,403-443-2837,345-66-8658
704,Wylma,Jillions,wjillionsjj@delicious.com,Female,386 Rutledge Plaza,,451-631-4068,140-95-5402
705,Zebulon,Mayler,zmaylerjk@youtu.be,Male,0 Amoth Pass,2154,482-436-1910,541-47-0150
706,Dael,Joyce,djoycejl@senate.gov,Male,97074 Fisk Junction,6344,990-741-8682,677-45-9400
707,Gypsy,Jobin,gjobinjm@oaic.gov.au,Female,85166 Barby Hill,27300-000,553-502-8250,238-34-0513
708,Kenn,Golby,kgolbyjn@cdbaby.com,Male,7321 Myrtle Place,56640-000,556-505-5670,533-34-3901
709,Keriann,Dingle,kdinglejo@facebook.com,Female,3546 Independence Lane,,996-553-3596,440-30-4994
710,Frederick,Humby,fhumbyjp@domainmarket.com,Male,670 Pierstorff Park,,512-109-9624,121-33-8171
711,Fabien,Snare,fsnarejq@who.int,Male,177 Fulton Junction,,823-449-6691,327-30-1624
712,Horatia,Huyghe,hhuyghejr@theatlantic.com,Female,8 Quincy Drive,9002,149-480-4608,850-15-5617
713,Coleen,Rule,crulejs@zdnet.com,Female,29877 Goodland Point,556 31,404-504-1484,441-29-0984
714,Cyrillus,Denzilow,cdenzilowjt@marketwatch.com,Male,6396 Linden Avenue,,310-773-0564,538-78-0243
715,Wayland,Conen,wconenju@washington.edu,Male,05 Elka Drive,D04,403-949-7831,352-27-3536
716,Felicle,Grundon,fgrundonjv@newyorker.com,Female,5614 Lakewood Lane,1610,721-353-7261,845-87-8922
717,Chandler,Duncombe,cduncombejw@cargocollective.com,Male,227 4th Way,,417-769-0835,610-03-6240
718,Blinni,Kliche,bklichejx@unc.edu,Female,95 Dottie Junction,,285-154-7981,245-62-9499
719,Halimeda,Vye,hvyejy@spotify.com,Female,285 Eagle Crest Road,,743-557-7931,760-28-3086
720,Dionysus,Boother,dbootherjz@gmpg.org,Male,86353 Green Ridge Place,,316-272-9267,145-19-3171
721,Sylas,Currall,scurrallk0@lycos.com,Male,49807 Anderson Terrace,,991-983-4783,659-56-0446
722,Conant,Archer,carcherk1@ning.com,Male,76771 Warbler Road,,240-317-8348,595-75-7358
723,Channa,Manwaring,cmanwaringk2@youtu.be,Female,7 Green Ridge Place,2950-107,322-407-0161,795-73-2407
724,Christa,Pooly,cpoolyk3@wiley.com,Female,708 Michigan Drive,,899-207-2512,639-89-9903
725,Neall,Larkin,nlarkink4@xing.com,Male,63 Gateway Circle,62530,357-772-6685,180-11-3411
726,Tanner,Buttel,tbuttelk5@php.net,Male,08456 Judy Lane,,295-998-3330,113-12-5611
727,Beatrice,Brusin,bbrusink6@google.ca,Female,1402 Main Road,53570,540-262-6772,730-64-4034
728,Lorilee,Gyorffy,lgyorffyk7@rambler.ru,Female,28894 Pankratz Road,90071,626-483-2000,271-21-6900
729,Red,Croneen,rcroneenk8@merriam-webster.com,Male,7 Spaight Point,,953-392-1513,320-53-2119
730,Quillan,Patroni,qpatronik9@ca.gov,Male,588 Toban Alley,2517,954-314-9028,688-96-4545
731,Rivi,Schwand,rschwandka@behance.net,Female,68827 Village Green Alley,,362-238-7637,194-88-5949
732,Jordanna,Whitcomb,jwhitcombkb@xinhuanet.com,Female,30972 Orin Drive,,860-463-9039,509-90-9079
733,Aggy,Illem,aillemkc@etsy.com,Female,278 Lyons Terrace,5360-305,484-258-2045,392-43-0523
734,Gianina,Tomczak,gtomczakkd@nih.gov,Female,68 Lukken Crossing,682038,644-642-5499,642-64-1613
735,Conan,Mumberson,cmumbersonke@newyorker.com,Male,0110 Lotheville Crossing,157305,620-917-9862,190-40-8607
736,Pamella,Blue,pbluekf@alibaba.com,Female,61 Holmberg Park,,765-856-0127,850-72-3875
737,Joey,Websdale,jwebsdalekg@theatlantic.com,Male,8169 Dexter Trail,232517,839-372-3172,718-85-0774
738,Trenton,Borles,tborleskh@mapy.cz,Male,77232 Sundown Parkway,,221-401-5923,803-14-9182
739,Giralda,Edgars,gedgarski@umn.edu,Female,0 Buena Vista Parkway,,302-462-8521,806-26-1292
740,Tyler,Mullins,tmullinskj@bloomberg.com,Male,4 Little Fleur Terrace,952-2224,994-680-4504,745-79-7958
741,Tim,Thirtle,tthirtlekk@cbslocal.com,Male,567 Tennessee Court,,103-441-4087,686-25-0259
742,Bealle,Kocher,bkocherkl@wix.com,Male,2 Evergreen Lane,15266,-6524,689-41-6218
743,Lorinda,Clayton,lclaytonkm@census.gov,Female,614 Fuller Trail,,366-444-0682,831-40-4289
744,Clayton,Melonby,cmelonbykn@opera.com,Male,2550 Mosinee Avenue,,522-366-6651,364-12-0410
745,Shannon,Eltune,seltuneko@amazon.de,Female,744 Thierer Pass,,867-859-5361,339-36-8692
746,Suzie,Chesshire,schesshirekp@list-manage.com,Female,213 Center Pass,,797-906-2966,465-37-4754
747,Morie,Kertess,mkertesskq@ebay.co.uk,Male,9868 Eliot Road,,115-211-7569,316-42-7284
748,Christye,Rait,craitkr@usda.gov,Female,66 Commercial Pass,,157-585-7349,529-80-0252
749,Gabrila,Conkling,gconklingks@stanford.edu,Female,819 Graedel Circle,1060,933-375-2746,595-19-0255
750,Cassie,Shawcroft,cshawcroftkt@google.com.br,Female,6008 Merchant Trail,,242-812-2434,851-44-0716
751,Aaron,Iacovone,aiacovoneku@mit.edu,Male,74 Dayton Hill,,448-918-6142,784-12-6366
752,Goran,Hannon,ghannonkv@simplemachines.org,Male,32 Cascade Center,,643-746-6393,799-59-5862
753,Sheilah,Hindenberger,shindenbergerkw@e-recht24.de,Female,688 Myrtle Alley,4508,223-670-4354,688-18-9208
754,Suzie,Degg,sdeggkx@a8.net,Female,192 Muir Parkway,,397-286-1845,760-64-0944
755,Yancy,Woodes,ywoodesky@ebay.com,Male,2376 Blaine Drive,,594-982-8595,509-37-9544
756,Laney,Ferrettino,lferrettinokz@cdbaby.com,Male,326 Esker Pass,,593-100-1515,688-47-4130
757,Sylvan,Manford,smanfordl0@csmonitor.com,Male,491 Holmberg Plaza,,451-730-8104,609-78-7492
758,Zsa zsa,Lippiett,zlippiettl1@fotki.com,Female,92 Mayer Plaza,11-440,496-394-1773,688-45-8969
759,Gilburt,Conibear,gconibearl2@geocities.jp,Male,194 Dixon Drive,92878,951-629-2027,621-50-9739
760,Kippy,Bernardelli,kbernardellil3@blogtalkradio.com,Male,79 Main Street,931 22,567-527-5772,176-92-8506
761,Cornelius,Poundsford,cpoundsfordl4@freewebs.com,Male,146 Stoughton Court,368580,772-148-3957,444-75-8261
762,Darsie,Farn,dfarnl5@bloglovin.com,Female,05 Logan Parkway,142191,556-697-0817,149-46-2705
763,Robert,Sjollema,rsjollemal6@quantcast.com,Male,2 Dorton Crossing,,243-385-2450,620-06-4342
764,Nicky,Seedman,nseedmanl7@51.la,Female,87 Straubel Lane,753 09,973-986-5173,104-76-2046
765,Gennifer,Haker,ghakerl8@epa.gov,Female,91 Holmberg Alley,813 91,680-530-2440,495-46-6268
766,Carolin,McCreath,cmccreathl9@yale.edu,Female,3494 Bay Crossing,2270,835-561-1383,856-61-1521
767,Rainer,Wegenen,rwegenenla@xrea.com,Male,4259 Mandrake Court,,421-841-0936,720-17-2266
768,Liam,Halesworth,lhalesworthlb@bizjournals.com,Male,7 Fairview Drive,,230-882-5453,459-28-5145
769,Cesaro,Pilley,cpilleylc@arizona.edu,Male,1 Oak Court,,759-500-5378,129-75-2717
770,Jourdan,Kunc,jkuncld@tmall.com,Female,725 Barby Parkway,,911-413-2509,697-81-2952
771,Jaime,Bettenson,jbettensonle@sciencedaily.com,Male,373 Vahlen Point,4242,383-742-0195,296-83-2298
772,Nick,Dmitrovic,ndmitroviclf@tripod.com,Male,77 Shopko Junction,,189-870-7973,312-64-9746
773,Holly,Naismith,hnaismithlg@twitpic.com,Male,15252 Amoth Crossing,7940,528-828-6260,319-91-4021
774,Alvira,Oxbe,aoxbelh@51.la,Female,4 Loftsgordon Center,,653-398-8802,871-38-5339
775,Julian,Yukhtin,jyukhtinli@hao123.com,Male,55389 Starling Terrace,,580-545-1110,209-32-0061
776,Barr,Janout,bjanoutlj@sfgate.com,Male,0216 Meadow Ridge Avenue,,302-612-0047,346-08-2918
777,Ofelia,Farley,ofarleylk@senate.gov,Female,45 Portage Drive,,370-287-2632,147-93-3806
778,Marie,Edsell,medsellll@google.ca,Female,8 Memorial Center,,151-285-0140,646-21-7008
779,Carter,Matysik,cmatysiklm@nsw.gov.au,Male,76905 Hoepker Court,3260,452-818-5238,590-27-9383
780,Sibelle,Dunlap,sdunlapln@gravatar.com,Female,276 Old Shore Avenue,40524,859-646-2356,213-14-0237
781,Harley,Burth,hburthlo@twitter.com,Male,30 Maple Wood Place,58910,504-729-1202,246-64-0184
782,Gregoire,Seide,gseidelp@who.int,Male,80 Fairview Terrace,,678-227-9670,169-13-7473
783,Natty,Wemes,nwemeslq@illinois.edu,Female,8 Vermont Plaza,17-123,732-610-7739,277-61-7258
784,Byrle,Baggalley,bbaggalleylr@oracle.com,Male,0353 Gateway Point,,122-620-4251,581-08-4540
785,Tedi,Dabes,tdabesls@msu.edu,Female,02 Stoughton Court,H12,117-385-0206,790-33-6053
786,Deva,Oehme,doehmelt@bloglovin.com,Female,1 Macpherson Street,,943-112-3041,645-47-8158
787,Ferd,Schettini,fschettinilu@live.com,Male,0 Monterey Trail,,172-685-4283,445-85-7927
788,Erasmus,Astill,eastilllv@spotify.com,Male,458 Golden Leaf Terrace,67454 CEDEX,560-270-8440,212-65-7625
789,Raviv,Epton,reptonlw@msu.edu,Male,35 High Crossing Road,,343-695-2219,329-56-8367
790,Sherwin,Halligan,shalliganlx@amazon.com,Male,77165 Vahlen Hill,,741-425-9360,122-51-9445
791,Christoph,De Cleen,cdecleenly@histats.com,Male,4664 Melody Parkway,,197-967-5956,246-71-2725
792,Donny,Antosch,dantoschlz@paginegialle.it,Female,93 Sutteridge Junction,,390-251-5943,437-03-9993
793,Carleen,Peaker,cpeakerm0@reverbnation.com,Female,8 Messerschmidt Pass,,507-572-1124,291-54-4390
794,Chrissy,Durbin,cdurbinm1@storify.com,Male,6 Rusk Lane,13524 CEDEX,491-210-3956,605-33-1559
795,Hallsy,McGooch,hmcgoochm2@adobe.com,Male,0 Scott Plaza,,572-169-6951,349-46-3296
796,Ethelred,Drane,edranem3@altervista.org,Male,78622 Hollow Ridge Road,,319-239-9797,230-53-7110
797,Querida,Buffey,qbuffeym4@disqus.com,Female,854 Atwood Trail,,910-239-7474,729-64-1955
798,Andreana,Quibell,aquibellm5@over-blog.com,Female,6102 Forest Alley,,560-861-3803,809-69-3079
799,Sim,Lithgow,slithgowm6@hp.com,Male,5793 Havey Court,4745-235,809-144-7598,591-74-5963
800,Grover,Langton,glangtonm7@weebly.com,Male,1594 Cherokee Parkway,3015,367-790-1452,768-06-0544
801,Gaylord,Batteson,gbattesonm8@cnn.com,Male,84606 Ridgeview Lane,,664-169-0273,392-08-3317
802,Bat,Pickerin,bpickerinm9@wordpress.com,Male,03 Dennis Park,12701,814-179-3233,295-74-9195
803,Dino,Poland,dpolandma@dyndns.org,Male,6 Helena Parkway,75620-000,590-905-0678,662-98-3130
804,Ingelbert,Cathrall,icathrallmb@nifty.com,Male,44942 Surrey Junction,84105,435-886-2869,320-17-8697
805,Jaymie,Hurdedge,jhurdedgemc@disqus.com,Male,81877 Cordelia Junction,662017,652-167-4015,582-47-7388
806,Max,Isaacson,misaacsonmd@pcworld.com,Female,1 Lillian Street,7520-103,219-201-4218,196-35-6990
807,Louise,Manuello,lmanuellome@shutterfly.com,Female,84481 Meadow Ridge Crossing,,687-302-5842,571-61-4849
808,Eberhard,Glendining,eglendiningmf@naver.com,Male,0 Dorton Crossing,,972-685-0094,464-49-4235
809,Harland,Woodus,hwoodusmg@ezinearticles.com,Male,13 Mayfield Junction,18018,484-912-8363,155-33-6578
810,Quinlan,Trase,qtrasemh@edublogs.org,Male,60 Brown Terrace,05-088,359-393-8913,897-15-9171
811,Fredericka,Trimbey,ftrimbeymi@ezinearticles.com,Female,138 Garrison Park,12300-000,590-220-5161,396-93-3457
812,Cory,Pratt,cprattmj@paypal.com,Female,04353 Meadow Vale Pass,,735-799-9002,821-12-2551
813,Emmeline,Dillintone,edillintonemk@bravesites.com,Female,22253 Northridge Circle,601803,659-730-9655,680-33-4086
814,Myrle,Lees,mleesml@ehow.com,Female,7 Nelson Terrace,,621-209-4369,265-49-2323
815,Quinn,Petraitis,qpetraitismm@cisco.com,Female,858 Surrey Court,,457-189-4720,553-54-2627
816,Rosette,Le Conte,rlecontemn@epa.gov,Female,36 Oriole Alley,10505,173-368-7516,690-04-1348
817,Dulcinea,Pauly,dpaulymo@netlog.com,Female,85684 Spohn Alley,,256-275-7129,846-25-3724
818,Lauralee,Cawse,lcawsemp@opensource.org,Female,0 Mosinee Terrace,,270-576-8254,224-55-9916
819,Lorraine,Chaperlin,lchaperlinmq@a8.net,Female,670 Vermont Way,56260-000,716-678-0851,839-24-7314
820,Kendal,Reveley,kreveleymr@t-online.de,Male,010 7th Drive,,756-304-6792,641-64-5670
821,Lee,Bryenton,lbryentonms@desdev.cn,Male,91231 3rd Trail,28045,641-940-4000,601-69-3506
822,Michele,Firpi,mfirpimt@gov.uk,Male,0 South Circle,,914-518-7236,255-12-8703
823,Alick,Woltering,awolteringmu@simplemachines.org,Male,20 Debra Avenue,,512-351-6870,763-90-4315
824,Bradan,Cordoba,bcordobamv@hostgator.com,Male,8057 Brentwood Crossing,78294 CEDEX,208-364-7926,813-83-9085
825,Inglebert,Gayther,igaythermw@lulu.com,Male,55 Sundown Avenue,,255-546-7469,145-85-2214
826,Novelia,Snar,nsnarmx@technorati.com,Female,98798 Aberg Junction,8513,312-499-0547,109-83-3869
827,Sky,Tremolieres,stremolieresmy@gnu.org,Male,73 Straubel Center,,392-474-8220,837-04-1187
828,Darnall,Hogbourne,dhogbournemz@epa.gov,Male,99 Hanson Alley,,380-730-7418,267-22-8592
829,Elfrida,Adshad,eadshadn0@wikipedia.org,Female,4433 Old Shore Street,790 82,450-793-5774,174-67-3971
830,Devlen,Dybald,ddybaldn1@cyberchimps.com,Male,75 Annamark Point,,593-451-1578,584-75-2722
831,Celinka,Vanyutin,cvanyutinn2@wikimedia.org,Female,0 Gulseth Circle,386122,223-780-8236,478-28-2311
832,Shandy,Boyett,sboyettn3@zimbio.com,Female,9 Knutson Road,,393-880-0246,613-34-9578
833,Ora,Almond,oalmondn4@uol.com.br,Female,255 Kingsford Place,,725-367-8035,259-38-2098
834,Baxy,Elliff,belliffn5@harvard.edu,Male,3 Thierer Junction,11660-000,247-110-0026,205-48-1586
835,Yvonne,Cominetti,ycominettin6@statcounter.com,Female,330 Katie Parkway,,729-598-3617,412-89-1505
836,Lennard,Polley,lpolleyn7@live.com,Male,53 Surrey Drive,,229-542-2314,128-92-0388
837,Wait,Hayller,whayllern8@ucsd.edu,Male,0 Di Loreto Circle,,540-167-2425,311-03-6837
838,Chic,Lacelett,clacelettn9@sogou.com,Male,5565 Bay Terrace,,977-387-8742,220-22-1628
839,Hanna,Cartmell,hcartmellna@shinystat.com,Female,559 Graedel Crossing,,595-363-1009,392-80-0795
840,L;urette,Todeo,ltodeonb@nba.com,Female,8 Havey Street,,225-668-4259,756-91-8455
841,Juanita,O' Concannon,joconcannonnc@ed.gov,Female,518 Warrior Hill,92782 CEDEX 9,100-789-8024,192-22-7717
842,Sherwynd,Keir,skeirnd@mayoclinic.com,Male,414 Old Gate Lane,,426-206-7375,793-03-5347
843,Augustine,Moncey,amonceyne@freewebs.com,Male,3255 Russell Way,,243-230-1139,452-91-4893
844,Conrad,Rodgers,crodgersnf@businessinsider.com,Male,6 Killdeer Place,,282-721-8079,553-06-8332
845,Freddie,Bingham,fbinghamng@alibaba.com,Male,47 Hagan Parkway,,962-712-6870,334-82-3704
846,Sidnee,Devonald,sdevonaldnh@nytimes.com,Male,4263 Sugar Street,,165-633-3092,376-69-7914
847,Chev,Dallon,cdallonni@t.co,Male,07 Raven Hill,,596-243-0700,547-78-2426
848,Vernor,Harrison,vharrisonnj@usgs.gov,Male,0464 Steensland Avenue,,690-471-3602,888-38-4055
849,Rex,Anthoney,ranthoneynk@dailymotion.com,Male,5465 Straubel Park,453360,861-240-0625,206-87-9129
850,Nerita,Frankiss,nfrankissnl@printfriendly.com,Female,040 Moose Lane,,407-561-3439,127-30-9345
851,Obediah,Brookes,obrookesnm@google.com.au,Male,5 Mockingbird Point,921,802-446-7710,636-65-4379
852,Marcellus,Toun,mtounnn@networksolutions.com,Male,26202 Manufacturers Avenue,699-4502,824-765-0688,161-49-1708
853,Caesar,Swainsbury,cswainsburyno@fema.gov,Male,58767 Kropf Junction,,920-645-1199,675-97-5386
854,Prissie,Janicek,pjaniceknp@harvard.edu,Female,88 Blackbird Road,,281-336-3357,555-23-0883
855,Harp,McFarlane,hmcfarlanenq@forbes.com,Male,30495 Kropf Pass,SG4,860-135-2846,850-63-6201
856,Garrick,Bernaldo,gbernaldonr@blogtalkradio.com,Male,0 Trailsway Crossing,,210-129-4859,760-72-2932
857,Urbano,Tabert,utabertns@va.gov,Male,8208 Northwestern Pass,,104-822-5595,285-69-3629
858,Jada,Thickpenny,jthickpennynt@clickbank.net,Female,066 Mosinee Circle,,942-192-9023,324-19-7743
859,Lanita,Hayfield,lhayfieldnu@zdnet.com,Female,33966 Birchwood Alley,32309,850-376-3360,195-81-3436
860,Malorie,Rasch,mraschnv@pbs.org,Female,42122 Graedel Center,,687-569-0003,107-77-7074
861,Ermin,Gueste,eguestenw@google.ru,Male,575 Nancy Way,87078,898-601-6228,296-65-8413
862,Benedetto,Edens,bedensnx@cnn.com,Male,41 Schlimgen Lane,,833-566-9380,788-61-9158
863,Ramsay,Reeme,rreemeny@4shared.com,Male,2 Magdeline Center,1676,448-385-5522,678-31-0818
864,Philomena,Medmore,pmedmorenz@harvard.edu,Female,5 Coleman Place,44110,115-947-7240,859-95-9140
865,Micheil,Greaterex,mgreaterexo0@earthlink.net,Male,431 Namekagon Pass,,632-357-4635,388-32-8175
866,Roxie,Castelletti,rcastellettio1@epa.gov,Female,1 Eagan Hill,,420-919-3672,292-92-8274
867,Margarete,Searight,msearighto2@theglobeandmail.com,Female,245 West Road,9922,549-599-4792,771-48-4133
868,Yvonne,Sopper,ysoppero3@linkedin.com,Female,75171 Anthes Place,606072,642-972-6389,340-62-1072
869,Celia,Raye,crayeo4@163.com,Female,181 Algoma Junction,78400-000,218-537-9127,846-32-7853
870,Claiborne,Eyton,ceytono5@youku.com,Male,21222 Hanover Terrace,3403,894-744-0857,490-60-4379
871,Lyell,Maxweell,lmaxweello6@freewebs.com,Male,3313 Clemons Lane,,271-907-9641,703-56-6633
872,Johnath,Stickley,jstickleyo7@booking.com,Female,0 Longview Junction,75706 CEDEX 13,282-662-2742,729-39-2295
873,Genna,Paute,gpauteo8@sfgate.com,Female,818 Sunfield Crossing,,236-365-5290,671-84-1941
874,Nissy,Boater,nboatero9@theguardian.com,Female,0 Northport Terrace,652685,498-271-3946,587-91-2056
875,Nicolette,Kingsnorth,nkingsnorthoa@nbcnews.com,Female,578 Center Pass,,301-560-9874,805-68-5306
876,Daffie,Danieli,ddanieliob@yandex.ru,Female,79383 Northfield Trail,11906,213-256-8011,319-03-9797
877,Inessa,Cortes,icortesoc@simplemachines.org,Female,920 Talisman Street,,989-762-0482,128-85-4207
878,Augustina,Kellegher,akellegherod@privacy.gov.au,Female,26 Mendota Court,,433-985-7334,202-87-4355
879,Minnaminnie,Domenici,mdomenicioe@zdnet.com,Female,958 Hanson Road,,104-428-7474,359-47-4526
880,Lorry,Daburn,ldaburnof@google.es,Male,7065 Red Cloud Circle,636700,178-287-2277,302-91-8487
881,Gwendolen,Tebbs,gtebbsog@mashable.com,Female,810 Porter Way,,871-902-5037,844-43-9531
882,Basil,Matejovsky,bmatejovskyoh@indiegogo.com,Male,52 Redwing Trail,,177-391-5177,371-02-5084
883,Engracia,Heatlie,eheatlieoi@jalbum.net,Female,7532 Carioca Parkway,,547-536-5664,891-63-5827
884,Verile,Blakelock,vblakelockoj@howstuffworks.com,Female,94332 Spenser Circle,5212,495-374-3142,232-23-1051
885,Arda,Spritt,asprittok@imageshack.us,Female,1838 Parkside Terrace,1350,380-452-3601,267-45-1876
886,Meredithe,Lope,mlopeol@bing.com,Female,69 Cottonwood Road,,786-636-0817,592-96-2137
887,Justin,Slidders,jsliddersom@cloudflare.com,Male,9299 Nelson Drive,,496-175-7806,474-48-8690
888,Chrotoem,Moorman,cmoormanon@newyorker.com,Male,59032 Sachtjen Pass,,211-131-2440,138-18-2268
889,Ricardo,McLelland,rmclellandoo@elegantthemes.com,Male,618 Lakewood Parkway,14790-000,862-537-8872,718-83-9799
890,Homere,Hatherley,hhatherleyop@gmpg.org,Male,4184 Merchant Drive,,254-231-7912,613-48-7701
891,Nikolaos,Dursley,ndursleyoq@seattletimes.com,Male,83 Pond Point,4580-389,458-117-8313,288-99-4715
892,Nate,Markovic,nmarkovicor@washingtonpost.com,Male,2595 Anniversary Crossing,57304 CEDEX,716-985-1972,178-33-7682
893,Blinnie,Olyff,bolyffos@angelfire.com,Female,47973 Butternut Parkway,,810-955-0356,713-22-1920
894,Rickey,Bails,rbailsot@berkeley.edu,Male,5 Corry Circle,,160-368-9630,471-28-1184
895,Linnie,McGahy,lmcgahyou@examiner.com,Female,3940 Talisman Avenue,,631-559-1757,504-78-4532
896,Abdul,Keith,akeithov@prweb.com,Male,27 Cascade Court,252 45,944-655-1076,378-01-8574
897,Baudoin,Birk,bbirkow@deliciousdays.com,Male,10 Hollow Ridge Plaza,11110,664-803-9109,732-13-4729
898,Dore,Duley,dduleyox@delicious.com,Male,39 Granby Alley,78700-000,139-540-3026,738-39-1368
899,Ailene,Parnham,aparnhamoy@dot.gov,Female,89 Clarendon Crossing,N9A,789-682-8764,103-57-5579
900,Hyacinthia,Mapstone,hmapstoneoz@fastcompany.com,Female,02 Hauk Parkway,543 30,619-480-2276,800-64-6301
901,Hedwig,Eric,hericp0@live.com,Female,63 Anniversary Junction,55560-000,144-500-5635,170-07-9849
902,Pembroke,Bowhey,pbowheyp1@barnesandnoble.com,Male,68 Charing Cross Avenue,59376 CEDEX 1,317-298-6002,704-54-2714
903,Thane,Galilee,tgalileep2@npr.org,Male,352 Rutledge Terrace,,827-956-2293,672-52-3902
904,Desi,Davidi,ddavidip3@drupal.org,Male,6631 Clove Pass,,207-646-1724,135-71-8333
905,Der,Bonham,dbonhamp4@cdc.gov,Male,439 Bowman Trail,,885-861-0121,719-20-5092
906,Vidovic,Skells,vskellsp5@mozilla.com,Male,47 Kim Drive,87505,505-118-9174,819-98-4966
907,Lora,Bigmore,lbigmorep6@soup.io,Female,035 Thierer Parkway,,121-194-7694,200-47-9462
908,Callie,Cortes,ccortesp7@acquirethisname.com,Female,4052 Ridgeway Terrace,,597-459-0051,144-19-6978
909,Deanna,Berling,dberlingp8@simplemachines.org,Female,88514 Dryden Crossing,,781-481-8435,574-63-5213
910,Andee,Ridde,ariddep9@independent.co.uk,Female,61048 Northridge Parkway,77602 CEDEX 3,434-319-4834,734-26-1981
911,Rosina,Kewley,rkewleypa@telegraph.co.uk,Female,3716 Quincy Pass,,799-730-4452,559-73-6553
912,Ernesto,Feaster,efeasterpb@g.co,Male,7 Old Shore Way,20010,735-779-5981,367-55-7275
913,Kelly,Leadbetter,kleadbetterpc@wunderground.com,Female,481 Novick Junction,10805,784-820-6198,333-72-2414
914,Geoffry,Haine,ghainepd@jigsy.com,Male,8701 Dennis Parkway,,420-471-7816,281-36-0380
915,Grant,Meardon,gmeardonpe@princeton.edu,Male,6 Delladonna Place,,197-175-4813,455-24-5323
916,Adi,Matashkin,amatashkinpf@domainmarket.com,Female,0 Forest Dale Lane,,833-286-2145,608-09-9252
917,Orren,Essberger,oessbergerpg@dell.com,Male,0827 Eagan Alley,734048,497-691-4768,559-07-9212
918,Deeanne,Spick,dspickph@imageshack.us,Female,92031 Vidon Point,,689-542-0709,343-17-0498
919,Mendy,Scales,mscalespi@artisteer.com,Male,07 Rutledge Hill,,790-722-2079,330-52-5346
920,Ethan,Scothorn,escothornpj@google.it,Male,46652 Mcbride Terrace,,583-274-7451,538-62-3256
921,Georgeanne,Haborn,ghabornpk@indiatimes.com,Female,500 Karstens Place,28205 CEDEX,590-899-0637,683-32-1198
922,Chad,Gorring,cgorringpl@naver.com,Male,55228 Brentwood Plaza,1275,263-966-2958,133-99-5945
923,Abeu,Skyner,askynerpm@edublogs.org,Male,4512 Fordem Road,157510,696-514-0085,822-79-4638
924,Ase,Harbach,aharbachpn@constantcontact.com,Male,3 6th Lane,95123,408-100-0731,301-85-2788
925,Rica,Gleeson,rgleesonpo@youtube.com,Female,64 American Place,,781-414-4458,120-06-1859
926,Donnie,Kilgallen,dkilgallenpp@stanford.edu,Female,395 Gateway Circle,,139-163-5072,580-56-0646
927,Kelsey,Asch,kaschpq@ca.gov,Male,29 Quincy Road,10430,776-243-5710,464-31-4692
928,Lisle,Cornall,lcornallpr@dion.ne.jp,Male,24089 Victoria Junction,1703,345-129-8147,841-25-7631
929,Elsbeth,Rollings,erollingsps@scribd.com,Female,51 Trailsway Alley,56000,310-123-6933,660-89-0176
930,Izzy,Wateridge,iwateridgept@google.co.jp,Male,719 Hanover Crossing,,830-738-9830,102-41-6639
931,Persis,Brosini,pbrosinipu@angelfire.com,Female,000 Fairview Park,,856-644-4173,602-20-9519
932,Gertruda,Bowler,gbowlerpv@opensource.org,Female,1622 Eagle Crest Circle,,348-722-0012,263-99-5056
933,Ingrim,Kubelka,ikubelkapw@myspace.com,Male,6026 Everett Circle,31136,404-992-1860,102-74-8427
934,Bowie,Lebel,blebelpx@unc.edu,Male,4 Weeping Birch Plaza,18006,996-666-7817,200-13-9835
935,Alexandrina,Alexandersen,aalexandersenpy@icq.com,Female,54 Commercial Trail,,343-173-1418,288-90-6494
936,Cazzie,Palister,cpalisterpz@answers.com,Male,9 Farwell Crossing,6651,282-642-3328,654-78-4285
937,Ozzie,Leivesley,oleivesleyq0@freewebs.com,Male,85359 Riverside Terrace,,711-724-7957,755-45-0923
938,Jere,Davis,jdavisq1@163.com,Female,438 Schurz Point,,311-450-8320,682-50-1068
939,Grannie,Schriren,gschrirenq2@livejournal.com,Male,3051 Arrowood Hill,,927-532-0231,619-55-9795
940,Charin,Beevers,cbeeversq3@twitpic.com,Female,20 Sommers Court,,610-275-7564,197-16-6848
941,Myrle,Goldhill,mgoldhillq4@springer.com,Female,37292 Steensland Place,G9X,711-518-3137,645-33-9628
942,Haze,Stebles,hsteblesq5@studiopress.com,Male,4 Arkansas Center,,359-803-0100,872-30-8729
943,Adrienne,Saddington,asaddingtonq6@dagondesign.com,Female,7473 Hooker Plaza,3720-085,514-757-6009,348-90-0199
944,Dennis,Simeonov,dsimeonovq7@g.co,Male,96125 Sachs Plaza,5210-264,295-718-4339,174-05-0934
945,Sharon,Fosdyke,sfosdykeq8@apache.org,Female,8210 Merchant Center,,594-822-6208,212-15-0097
946,Aguste,Chatenier,achatenierq9@hexun.com,Male,687 Jay Plaza,872-0511,993-481-8460,827-63-2686
947,Jules,Sline,jslineqa@parallels.com,Male,3753 Bonner Center,,645-976-1368,812-19-2030
948,Debor,Pashenkov,dpashenkovqb@cisco.com,Female,8 Golf Course Plaza,659410,286-735-8823,527-08-5530
949,Woody,Morecombe,wmorecombeqc@prnewswire.com,Male,06 Arrowood Pass,,200-124-1924,207-21-3335
950,Catie,Bentje,cbentjeqd@time.com,Female,6 Leroy Crossing,77305,936-148-5154,512-94-8626
951,Andree,Hourigan,ahouriganqe@desdev.cn,Female,1 Katie Hill,,232-552-3114,668-41-5097
952,Danni,Apfelmann,dapfelmannqf@typepad.com,Female,4 Springview Place,66191,126-737-8959,778-35-4873
953,Viviana,Brantzen,vbrantzenqg@google.ca,Female,07 Maple Way,,954-895-7389,597-74-9811
954,Thorny,Forsyde,tforsydeqh@cdc.gov,Male,5 Weeping Birch Place,,512-936-3004,655-53-5611
955,Mikel,Awin,mawinqi@nyu.edu,Male,18 Bay Crossing,,460-480-4290,497-92-3110
956,Melesa,Vaudin,mvaudinqj@oaic.gov.au,Female,9066 Thierer Park,,671-903-0593,157-27-2241
957,Alair,McMurty,amcmurtyqk@utexas.edu,Male,86867 Caliangt Court,331 65,432-663-4800,425-12-2694
958,Darice,Wilsdon,dwilsdonql@goodreads.com,Female,5339 Charing Cross Terrace,,759-584-1452,435-56-7760
959,Liane,Sustins,lsustinsqm@cocolog-nifty.com,Female,75276 Lien Lane,,892-429-2643,257-92-8631
960,Pandora,D'Ugo,pdugoqn@answers.com,Female,17359 Sommers Circle,,932-377-5438,751-95-8694
961,Stephana,Quinnette,squinnetteqo@mail.ru,Female,99311 Rusk Point,6202,674-699-9673,667-40-0282
962,Christian,Albasiny,calbasinyqp@merriam-webster.com,Male,1 Hollow Ridge Lane,,238-133-5957,855-83-3479
963,Kristopher,Rockhall,krockhallqq@whitehouse.gov,Male,8 Amoth Trail,,767-735-0684,814-43-6679
964,Romola,Windsor,rwindsorqr@geocities.jp,Female,700 Esch Street,,866-857-2010,859-50-4759
965,Rowney,Lumber,rlumberqs@pbs.org,Male,95 Monterey Lane,,522-468-5076,801-23-7213
966,Joni,Frederick,jfrederickqt@facebook.com,Female,18 Onsgard Terrace,3110,763-793-1524,243-74-5649
967,Filia,Hutchens,fhutchensqu@mozilla.org,Female,37 Calypso Trail,,554-215-8080,219-70-7577
968,Webb,Ladbrook,wladbrookqv@tinyurl.com,Male,96 Becker Place,10560,113-912-6570,219-37-8404
969,Bill,Boyland,bboylandqw@dot.gov,Female,4 Dixon Junction,4905-515,793-948-6518,628-43-9257
970,Martyn,Boulds,mbouldsqx@yellowbook.com,Male,4765 Ramsey Place,77304 CEDEX,765-856-7594,584-61-5297
971,Charlot,Ragge,craggeqy@goodreads.com,Female,12731 Dwight Trail,818-0138,735-643-2715,305-42-8544
972,Fina,Sturridge,fsturridgeqz@hexun.com,Female,249 Debra Place,,882-220-1528,731-60-4835
973,Janey,Pepperill,jpepperillr0@usda.gov,Female,2 Ryan Alley,,980-955-2430,736-91-0404
974,Aleda,Garmon,agarmonr1@usa.gov,Female,781 Cherokee Place,,970-259-7399,269-56-4193
975,Martguerita,Goldine,mgoldiner2@typepad.com,Female,5368 Norway Maple Hill,6113,798-993-0469,448-30-5760
976,Kim,Worswick,kworswickr3@w3.org,Female,3320 Mcguire Road,748 31,865-144-0210,631-58-6619
977,Tracee,Pointon,tpointonr4@cnet.com,Female,8124 Autumn Leaf Drive,9800,209-940-7120,464-80-8915
978,Vlad,Di Antonio,vdiantonior5@reference.com,Male,39293 Del Mar Circle,4755-484,335-951-3253,492-83-1590
979,Quintina,McGlashan,qmcglashanr6@paginegialle.it,Female,0 Wayridge Circle,65-980,926-335-1875,639-51-5558
980,Kelvin,Trodden,ktroddenr7@dailymotion.com,Male,2 Oak Court,,568-468-5004,568-45-5307
981,Kurt,Kellock,kkellockr8@house.gov,Male,5472 Hoard Point,27710,919-830-7117,855-66-4775
982,Naomi,Rand,nrandr9@scribd.com,Female,86351 Morning Point,245,987-981-9749,662-72-5137
983,Cobb,Rowdell,crowdellra@blogspot.com,Male,337 Lawn Circle,,141-836-4009,825-32-0586
984,Darryl,Stubbe,dstubberb@icio.us,Male,17324 Reindahl Point,,283-984-2858,197-07-4390
985,Rachel,Langman,rlangmanrc@tamu.edu,Female,6225 Mariners Cove Lane,9297,703-371-8763,515-51-2945
986,Alexandro,Filipczynski,afilipczynskird@stumbleupon.com,Male,17 Shopko Crossing,37-560,135-891-2664,587-96-8704
987,Fax,Hauck,fhauckre@ow.ly,Male,49 Gerald Crossing,58700-000,388-929-1343,487-08-1187
988,Alisa,Woodus,awoodusrf@cbslocal.com,Female,29 Randy Circle,,534-609-1651,285-58-9207
989,Chrissie,Fetherstonhaugh,cfetherstonhaughrg@engadget.com,Female,6 Lighthouse Bay Pass,32-503,503-415-4499,790-36-7667
990,Poppy,Hemphrey,phemphreyrh@cisco.com,Female,9828 Mcbride Avenue,33355,754-396-2289,181-74-6353
991,Carley,St. Ledger,cstledgerri@reuters.com,Female,241 Burrows Alley,21275,410-758-1994,106-83-2241
992,Chrissie,Shere,cshererj@amazon.de,Male,469 Sutteridge Point,19200-000,320-641-7534,243-34-9699
993,Delmar,Buzine,dbuzinerk@amazonaws.com,Male,52182 Jackson Crossing,4874,797-824-8692,172-67-1817
994,Tommy,Queyos,tqueyosrl@arizona.edu,Female,804 Dayton Point,,461-574-2024,712-05-6288
995,Brien,Perton,bpertonrm@businessinsider.com,Male,970 Hansons Point,62-240,668-233-4273,335-39-4760
996,Theo,Enderle,tenderlern@sogou.com,Male,30281 Jenna Center,38-242,715-581-1354,315-07-5300
997,Hasheem,Spicer,hspicerro@gmpg.org,Male,291 Mosinee Drive,,645-773-0710,757-11-7702
998,Romy,Martlew,rmartlewrp@weather.com,Female,786 Moland Place,,440-534-3535,524-55-5013
999,Adolpho,Dennerly,adennerlyrq@networksolutions.com,Male,2 Maywood Crossing,93017 CEDEX,533-494-3460,267-84-3983
1000,Marja,Weston,mwestonrr@ifeng.com,Female,80678 Golden Leaf Plaza,,864-110-5534,114-41-7876
1001,Amy,Pear,apear@gmail.com,Female,123 Golden Gate Dr,,408-223-3456,223-987-0976
1002,Amy,Pair,apear@gmail.com,Female,123 Golden Gate Dr,,408-223-3456,223-987-0976
1003,Bri,Perton,bpertonrm@businessinsider.com,Male,970 Hansons Point,62-240,668-233-4273,335-39-4760