id,first_name,last_name,email,zip,pin,insurance_id,last_updated
1,Vivyanne,Siberry,vsiberry0@histats.com,18969,1916,zX44YFY3,2018-09-28T03:32:35
2,Sybil,Issard,sissard1@com.com,55787,2474,5Nn23ixy,2010-02-10T09:04:15
3,Brit,McClaren,bmcclaren2u@who.int,24137,8476,98YAYbOb,2012-03-08T17:27:48
4,Vanessa,McGowing,vmcgowing3@dagondesign.com,28071,6930,zljrfrBg,2017-07-30T16:42:30
5,Normand,Almey,nalmey4@boston.com,95408,6738,SuQJDCYK,2013-07-17T00:38:53
6,Jedidiah,Anstiss,janstiss5@salon.com,36856,1503,eBUCOGYN,2015-02-26T21:36:58
7,Guy,Harriagn,gharriagn6@digg.com,49744,8586,qG7wMWZz,2012-02-02T10:47:00
8,Chelsey,Thomazet,cthomazet7@jalbum.net,26181,9176,VcuUzGxb,2014-09-16T01:49:12
9,Dinah,O'Moylan,domoylan8@arstechnica.com,44609,1060,5c5lGRDA,2017-10-17T09:17:05
10,Sibelle,Keningley,skeningley9@bloglines.com,83701,7070,EdJpmpl4,2013-04-07T11:11:34
11,Ruttger,Tilt,rtilta@networksolutions.com,95631,6646,ia0WgxQw,2013-08-17T16:07:03
12,Harriette,Seeler,hseelerb@instagram.com,68658,6356,hWAnfbto,2013-07-17T00:03:02
13,Dore,Mattecot,dmattecotc@biglobe.ne.jp,76462,8428,74coIBz1,2017-12-22T09:48:25
14,Margie,Simonot,msimonotd@so-net.ne.jp,38940,9419,bkBiZZXZ,2014-03-15T21:23:51
15,Giustino,Majury,gmajurye@nyu.edu,73196,7382,ST9c2zEM,2017-11-06T00:37:54
16,Iormina,Bagshawe,ibagshawef@bluehost.com,46998,9250,pS4KoZ7b,2015-10-30T16:10:20
17,Mina,Allinson,mallinsong@diigo.com,06092,2068,m2RzwaCG,2015-02-11T03:27:14
18,Wait,L'Amie,wlamieh@ebay.com,46064,9659,m0AnRwUP,2010-12-24T06:37:06
19,Brianne,Galvan,bgalvani@independent.co.uk,96717,6047,VhAIH5xx,2009-10-12T20:06:27
20,Vallie,Buckell,vbuckellj@newsvine.com,37876,4080,IzxbuUr7,2011-09-30T16:30:15
21,Timothy,Liven,tlivenk@wisc.edu,42635,2670,QhKadlLi,2014-11-10T07:42:13
22,Gisella,Raven,gravenl@furl.net,60162,4369,BTGbvwJw,2010-09-06T15:09:40
23,Dougie,Pantlin,dpantlinm@dell.com,92357,2409,wsngLBIK,2010-08-26T03:32:48
24,Waring,Brookzie,wbrookzien@elpais.com,56169,1009,2O3aCMra,2017-08-28T01:44:40
25,Ellerey,Dowell,edowello@baidu.com,80233,5348,oic3JMzW,2017-02-04T18:37:57
26,Renault,Josef,rjosefp@barnesandnoble.com,24148,3753,CEe1TAYE,2014-09-29T11:51:56
27,Marchelle,Reddyhoff,mreddyhoffq@msn.com,72060,3450,aqfLbGCj,2018-02-27T21:31:17
28,Rollie,Blas,rblasr@netvibes.com,95031,7707,4BjYws0N,2010-09-30T22:45:01
29,Ross,Wastall,rwastalls@statcounter.com,48759,2344,No5b4FaC,2013-10-09T18:32:35
30,Norri,Baseley,nbaseleyt@ustream.tv,71375,5600,FSpQkSTN,2013-07-09T23:14:37
31,Annadiana,Bamber,abamberu@nsw.gov.au,24826,7715,yBq2FPiH,2012-05-03T22:05:27
32,Darleen,Albinson,dalbinsonv@opera.com,48186,1420,65eyGx55,2017-09-21T04:58:40
33,Penni,Doudney,pdoudneyw@moonfruit.com,04924,9031,0HxWNXVI,2015-07-12T19:03:38
34,Donn,Coney,dconeyx@unc.edu,25285,6868,wtcxJArk,2018-03-28T07:30:03
35,Gal,Wanklin,gwankliny@google.com.br,14728,3041,mcagWfxa,2012-01-06T00:24:58
36,Cherri,Parcell,cparcellz@google.ca,08855,1721,C8afmJq7,2013-12-07T16:48:23
37,Carlyn,Monson,cmonson10@printfriendly.com,33121,5738,XZZXPYtt,2018-07-21T17:47:24
38,Mariann,Harnetty,mharnetty11@ihg.com,84104,5083,0PXVnF4S,2013-12-28T03:00:35
39,Melisse,Okroy,mokroy12@ehow.com,24848,6633,eMjSFcni,2014-05-03T20:26:36
40,Monti,Blanshard,mblanshard13@technorati.com,80238,9256,qlHTT8zD,2013-11-23T11:03:24
41,Netti,Ellins,nellins14@kickstarter.com,33419,9700,5CoAjodJ,2016-07-11T14:44:28
42,Fairlie,Porter,fporter15@istockphoto.com,55032,4080,4zUgdT0E,2010-08-05T00:25:32
43,Timi,MacMaster,tmacmaster16@apple.com,62370,4171,aqg3ENl6,2012-07-31T18:34:30
44,Toma,Bassam,tbassam17@house.gov,92305,3238,mWTNL9lS,2012-02-07T15:03:04
45,Latrena,Klimentov,lklimentov18@jiathis.com,50334,8732,pPlfE0mn,2011-04-16T14:12:37
46,Floria,Garvey,fgarvey19@gmpg.org,85351,2183,U2OfzzGd,2014-08-14T07:35:30
47,Erastus,Snepp,esnepp1a@unc.edu,14644,8444,FGHJR49R,2018-04-27T07:03:23
48,Hamid,Wolfe,hwolfe1b@mlb.com,78247,7353,vVdObxMI,2014-09-11T12:28:45
49,Theodore,Hamblyn,thamblyn1c@cafepress.com,20815,9019,Toe16q0S,2010-01-16T13:54:25
50,Wye,Huertas,whuertas1d@dion.ne.jp,87063,1720,RA0pMxrX,2010-01-19T04:22:49
51,Dalis,Castello,dcastello1e@mlb.com,54466,4116,IENNFOJS,2010-04-21T00:32:11
52,Aimil,Bradberry,abradberry1f@dot.gov,25621,8207,EXyKGpG5,2015-01-06T00:25:34
53,Blondy,Ayrs,bayrs1g@dion.ne.jp,97440,9736,j0RCsNRx,2011-01-07T13:33:10
54,Pernell,Sowrah,psowrah1h@free.fr,35033,1544,MYMT3YJs,2013-01-16T04:53:03
55,Temple,Gatley,tgatley1i@gravatar.com,22156,8867,D5z3QSGo,2015-03-20T02:25:37
56,Jess,Lymer,jlymer1j@mapquest.com,25511,4130,NKJ0ePgs,2012-10-01T01:32:24
57,Aurelie,Halewood,ahalewood1k@edublogs.org,66218,3318,W8S3g9pt,2012-04-16T09:02:34
58,Magdalen,Paolicchi,mpaolicchi1l@zdnet.com,74132,9624,kHo9MLxh,2017-12-28T21:52:43
59,Kermit,Monaghan,kmonaghan1m@nsw.gov.au,67485,8932,VGmXiwUD,2017-12-04T01:12:44
60,Hugibert,Ferrettino,hferrettino1n@drupal.org,02712,9577,E6bUOXq0,2016-03-26T06:06:05
61,Dorey,Kelledy,dkelledy1o@marriott.com,42337,6891,FIFnCwKa,2011-11-06T07:17:27
62,Audy,Dyers,adyers1p@diigo.com,30094,4596,VJZcK8yv,2011-07-23T03:11:29
63,Ellswerth,Burril,eburril1q@omniture.com,99725,6075,sbmLcIhE,2014-03-25T06:27:43
64,Gherardo,Farloe,gfarloe1r@360.cn,12018,4953,2IiSKKzF,2013-02-03T17:55:07
65,Allyn,Bimrose,abimrose1s@craigslist.org,35677,9466,LfN82dTE,2018-10-25T21:21:04
66,Ailey,Venes,avenes1t@ibm.com,24171,5586,v2fRpUB1,2011-11-03T19:45:54
67,Xerxes,Mariner,xmariner1u@nps.gov,83446,9707,5aUkNyVC,2016-01-24T09:20:11
68,Tedi,Cardinal,tcardinal1v@answers.com,68331,8836,sCXcYQab,2014-11-21T18:56:57
69,Hastie,Franzotto,hfranzotto1w@shop-pro.jp,62027,7823,48LdyYOQ,2013-08-03T00:00:30
70,Avigdor,MacVicar,amacvicar1x@globo.com,49644,5270,ViYqe3sg,2018-04-11T09:11:03
71,Corbet,Capp,ccapp1y@themeforest.net,47107,2178,mtVdYUCX,2011-07-11T08:22:37
72,Harvey,Pinckney,hpinckney1z@nationalgeographic.com,10014,3622,dV2j8Wmc,2010-02-03T18:53:28
73,Dalis,Cleminson,dcleminson20@tinypic.com,06153,2984,InUOshZT,2014-10-13T04:02:09
74,Millicent,Bitterton,mbitterton21@prweb.com,81429,3805,vcBtTBTT,2011-11-28T06:00:32
75,Gloria,Yuryichev,gyuryichev22@twitter.com,72682,1932,y9CquSTK,2017-04-11T00:41:04
76,Keen,Lathaye,klathaye23@ca.gov,76203,1713,6EvgqDBa,2018-11-18T05:04:56
77,Alphonse,Murch,amurch24@symantec.com,11792,1060,vXi2crSQ,2011-04-22T19:05:45
78,Gerrilee,Lapping,glapping25@barnesandnoble.com,62370,5503,cA6hQEf1,2015-03-19T12:08:25
79,Gerhard,Verillo,gverillo26@trellian.com,36475,3448,eOrDGbTq,2016-04-21T01:18:32
80,Maridel,Thireau,mthireau27@arizona.edu,44109,6745,s6OPMdDi,2019-02-06T03:48:42
81,Cassondra,Lambourne,clambourne28@1und1.de,91357,5829,3svaCsDI,2010-11-08T17:34:10
82,Judy,Szimon,jszimon29@abc.net.au,01229,3070,8caA3GBX,2012-11-28T10:22:53
83,Ferris,Breston,fbreston2a@tamu.edu,90202,3372,JQ0A6PlI,2015-09-24T09:34:27
84,Dietrich,Druce,ddruce2b@ted.com,63828,8130,VRZ5SKon,2011-08-19T19:52:34
85,Charin,Geany,cgeany2c@youtu.be,32097,6925,6g8Pe4jh,2016-01-02T06:03:33
86,Batsheva,Hryskiewicz,bhryskiewicz2d@ustream.tv,02745,3999,KPmQqBWI,2011-11-04T08:48:31
87,Gizela,Smitherman,gsmitherman2e@weebly.com,93912,2646,prYcqIoH,2014-08-13T22:56:39
88,Pammie,Obal,pobal2f@tiny.cc,20413,5116,uOt8wjvq,2009-10-08T06:08:13
89,Galen,Zarb,gzarb2g@nydailynews.com,83325,4365,dZf7pTH3,2016-11-19T23:03:28
90,Jenine,Larrington,jlarrington2h@dyndns.org,79032,2091,pzQnHhpw,2013-01-15T11:02:53
91,Siegfried,Slym,sslym2i@harvard.edu,33859,9749,6GzLdsN3,2010-07-09T02:37:30
92,Tallie,Zamorrano,tzamorrano2j@theguardian.com,50447,7512,l62akJIZ,2013-04-09T08:12:46
93,Barbabra,Groundwator,bgroundwator2k@digg.com,40022,9147,E1f52JDm,2017-02-16T22:45:32
94,Nowell,Goodliffe,ngoodliffe2l@sciencedaily.com,38950,1881,BzKhYr00,2011-01-29T16:22:54
95,Jordon,Haworth,jhaworth2m@altervista.org,73019,2659,n9uzsWWC,2012-01-09T08:39:28
96,Vivien,Mauser,vmauser2n@wufoo.com,72203,2334,d2Qx6mfD,2011-03-17T10:27:52
97,Koral,Roakes,kroakes2o@google.com,19401,7410,mtu5ZGJV,2016-04-27T00:56:06
98,Jania,Goffe,jgoffe2p@constantcontact.com,74126,8804,eSjShxuL,2016-07-20T02:19:08
99,Hewet,Cudiff,hcudiff2q@twitter.com,26152,2478,IbccOTSR,2018-01-19T08:36:45
100,Rosamund,Deppen,rdeppen2r@si.edu,52657,4874,tAb9spd1,2015-11-06T01:18:44