id,first_name,last_name,email,gender,zip,insurance_id,last_updated
1,Abby,Howson,ahowson0@spiegel.de,Female,84180,IMWOBKL29T,2019-03-10T14:42:42
2,Tess,Coey,tcoey1@blogspot.com,Female,,QA4RUG33ZQ,2018-11-27T23:53:23
3,Reinold,Merrett,rmerrett2@businessweek.com,Male,,LG1UD42JHK,2018-11-08T10:39:08
4,Carlota,Tivers,ctivers3@hp.com,Female,,XDWQN742OS,2019-03-07T00:08:00
5,Kevan,Loddon,kloddon4@cisco.com,Male,22100,6SVP5AR5KA,2019-02-11T22:35:10
6,Daffi,Killen,dkillen5@columbia.edu,Female,,O2FKFAXB1Q,2018-12-31T07:10:44
7,Putnem,Fetherston,pfetherston6@flickr.com,Male,4234,OQJYX6MI7Z,2018-12-16T07:03:34
8,Pamela,Maddigan,pmaddigan7@cbsnews.com,Female,13710-000,OMHTWG3HGF,2019-01-16T07:41:40
9,Marcelo,Korneluk,mkorneluk8@techcrunch.com,Male,,XDQ7YHY7WL,2018-12-18T00:56:59
10,Brittani,Langrish,blangrish9@trellian.com,Female,,QGBKP3JV47,2018-11-17T17:23:57
11,Georgena,Siemons,gsiemonsa@time.com,Female,,J23UPH6OAP,2018-12-12T05:20:29
12,Quintus,Jansik,qjansikb@pen.io,Male,,NTJHZNPX6L,2018-12-17T16:49:17
13,Peggi,Casali,pcasalic@topsy.com,Female,,FVPCPPHOEB,2019-01-25T08:43:29
14,Ruthann,Emmott,remmottd@free.fr,Female,2430-604,IFL5VS66LT,2018-11-25T19:15:14
15,Magdaia,Coultous,mcoultouse@webs.com,Female,,Q4GX1WQ5Q4,2019-01-08T23:31:15
16,Haslett,Snipe,hsnipef@google.cn,Male,,L0214JW6F1,2019-02-25T13:56:27
17,Torrie,Niezen,tniezeng@mit.edu,Female,503 04,L6APL9TOV5,2019-01-28T22:08:06
18,Jade,Wreiford,jwreifordh@prlog.org,Female,949-8612,SV5S97DTOJ,2018-12-31T16:23:04
19,Elysee,Physic,ephysici@nature.com,Female,,OO3JHF5AV8,2019-01-28T22:52:27
20,Nora,Manclark,nmanclarkj@europa.eu,Female,,YRDREIB90L,2018-12-26T15:58:07
21,Meyer,Atley,matleyk@arstechnica.com,Male,,KFUDLI7BOT,2019-01-22T08:31:09
22,Rosemarie,Alennikov,ralennikovl@mozilla.org,Female,97387 CEDEX,MGXDFDGLWN,2018-11-28T02:33:14
23,Clarita,Cutmore,ccutmorem@ucoz.ru,Female,,P0WWZSAYJD,2018-12-13T22:25:26
24,Bax,Upwood,bupwoodn@last.fm,Male,,CQ3ZWWMH0V,2019-02-20T22:17:24
25,Kristoforo,Bibey,kbibeyo@gizmodo.com,Male,,ZF0FNGO49Y,2018-12-06T16:06:47
26,Guinevere,Lorentz,glorentzp@trellian.com,Female,,BK8BFHLH2V,2018-12-19T19:42:18
27,Elmira,Outhwaite,eouthwaiteq@istockphoto.com,Female,13540,876OAK2NWZ,2019-02-04T03:33:50
28,Florian,Epdell,fepdellr@narod.ru,Male,,TSLGTSQH8P,2019-02-12T17:31:17
29,Molli,Catmull,mcatmulls@hc360.com,Female,89107-000,JCZCQRG0YV,2019-02-21T16:24:44
30,Bellina,Lound,bloundt@sourceforge.net,Female,,T0ZSS5IM1N,2018-12-13T05:53:09
31,Jarad,Doctor,jdoctoru@paypal.com,Male,346527,MIVHU1A4S6,2019-03-07T05:26:50
32,Marietta,Casper,mcasperv@cbslocal.com,Male,309296,C9MU49OOQ4,2018-11-01T12:16:30
33,Donn,McLurg,dmclurgw@51.la,Male,,GZQFX5H7I4,2018-11-04T18:55:43
34,Keefer,Swetenham,kswetenhamx@posterous.com,Male,2710-102,4PDV0TUBDN,2019-02-01T10:00:33
35,Hunt,Andrysiak,handrysiaky@blogtalkradio.com,Male,,XAB4KASREJ,2019-02-11T21:01:51
36,Dannye,Kornilyev,dkornilyevz@google.com.hk,Female,,NL0LEHTGUB,2018-12-13T12:24:29
37,Cyrill,MacKenny,cmackenny10@samsung.com,Male,,P7EK18KPDP,2018-12-03T06:47:05
38,Marietta,Maskell,mmaskell11@storify.com,Female,,YYZ4RWVBO8,2018-12-09T03:39:06
39,Elyssa,Hoggan,ehoggan12@mapquest.com,Female,,LFXDXWHUTP,2019-03-01T20:32:02
40,Delmer,Lilly,dlilly13@businessinsider.com,Male,,R9JNYOU2OD,2019-02-18T11:22:11
41,Jorgan,Cutajar,jcutajar14@ow.ly,Male,,U57M1660ZX,2018-11-18T04:58:02
42,Clyde,Paulitschke,cpaulitschke15@freewebs.com,Male,31059 CEDEX 9,4XC5ML0H0U,2019-03-04T08:12:37
43,Gerard,Barti,gbarti16@liveinternet.ru,Male,733558,L3A6R5GHSC,2019-03-12T00:28:51
44,Marcos,Wilcot,mwilcot17@marketwatch.com,Male,1420,33PMPHLCKR,2019-03-19T23:30:26
45,Ilario,Paszek,ipaszek18@gravatar.com,Male,,1HCM6HOT2H,2018-11-06T01:56:53
46,Cyrus,Tuckley,ctuckley19@scientificamerican.com,Male,,GKMCBV5E5E,2018-11-18T07:10:11
47,Mathias,Chastanet,mchastanet1a@reference.com,Male,,0BX9AFKMD7,2019-03-06T16:34:11
48,Gael,Mushart,gmushart1b@springer.com,Male,,5DWZ1JI12L,2019-03-04T03:53:33
49,Salomo,Alldre,salldre1c@nbcnews.com,Male,,395ER9GPMS,2019-02-09T11:02:55
50,Pammy,Aubrun,paubrun1d@prnewswire.com,Female,,X2X4DTDP7X,2019-01-03T13:31:41
51,Lamont,Howood,lhowood1e@soup.io,Male,,BIV36W7YZ6,2018-11-17T00:13:27
52,Olia,Leggat,oleggat1f@google.es,Female,,TOA48GCTG8,2019-03-04T20:06:53
53,Val,Hysom,vhysom1g@scribd.com,Female,,W8ZNUO5WK4,2018-12-19T14:51:11
54,Damon,Ferreiro,dferreiro1h@xrea.com,Male,0906,JTHLW9I3F3,2018-12-19T21:14:00
55,Stanford,Mordey,smordey1i@patch.com,Male,456843,OUKLG0ZCWO,2018-10-27T07:19:06
56,Caprice,Coultass,ccoultass1j@howstuffworks.com,Female,134548,UZ871V0JV1,2019-01-09T15:30:07
57,Brooks,Dymock,bdymock1k@umn.edu,Male,,RJ80964TGN,2019-01-22T14:16:42
58,Derwin,Hanselmann,dhanselmann1l@diigo.com,Male,,3UGN2M9PCP,2018-12-10T05:28:24
59,Louise,Thome,lthome1m@hud.gov,Female,3104,7DVY9BLB6H,2018-12-21T07:48:11
60,Mickie,Munnings,mmunnings1n@si.edu,Male,,VHRDH815XF,2019-01-15T14:21:49
61,Camila,Donohoe,cdonohoe1o@usnews.com,Female,4610-104,G8OAT57I8L,2019-03-21T19:20:11
62,Holly,Cowey,hcowey1p@earthlink.net,Male,,WGZOS6YT9R,2019-01-18T19:55:43
63,Casar,Layton,clayton1q@drupal.org,Male,357637,8ISVOF74TL,2019-03-06T22:59:33
64,Federico,Orbon,forbon1r@edublogs.org,Male,9103,B5GZTIUQ1R,2018-12-29T14:02:30
65,Lay,Shurmore,lshurmore1s@seattletimes.com,Male,59640,NUK2SU49WG,2018-11-02T14:28:42
66,Bruno,Skerrett,bskerrett1t@merriam-webster.com,Male,,GOLP0R1XVQ,2019-01-06T12:18:34
67,Yvor,Casper,ycasper1u@economist.com,Male,,YANX9NCT49,2018-10-26T07:52:46
68,Armand,Geillier,ageillier1v@hp.com,Male,09116,FJLPPAZ383,2019-01-30T06:52:28
69,Netti,Yves,nyves1w@spiegel.de,Female,30000,DCB0V3SC2F,2018-10-25T16:22:07
70,Geordie,Cuffley,gcuffley1x@stanford.edu,Male,175310,8HACDYJNCU,2018-12-31T13:59:53
71,Kissie,Tearle,ktearle1y@tripod.com,Female,,W5GIKZ7YTJ,2018-12-20T16:20:59
72,Lennie,Trownson,ltrownson1z@discovery.com,Male,,EX63ZI3UFE,2018-11-21T14:51:38
73,Charmain,Zimek,czimek20@netscape.com,Female,330 16,5VMBP5220M,2019-01-01T14:53:22
74,Brittney,Farrear,bfarrear21@adobe.com,Female,,9GES7LGSLN,2019-01-13T11:55:56
75,Kelcie,Yousef,kyousef22@guardian.co.uk,Female,1718,VX5V6KWHVB,2018-12-17T11:33:38
76,Shelton,Hillock,shillock23@php.net,Male,,HQK76EGM4C,2018-11-10T17:05:23
77,Loree,Wintour,lwintour24@foxnews.com,Female,,KQH6KBLPKC,2019-03-11T05:17:56
78,Lulu,Petrichat,lpetrichat25@nature.com,Female,,T6BRTL2Q3Z,2018-11-29T13:57:22
79,Colby,Drummond,cdrummond26@ucoz.ru,Male,74-320,YMUYIYF7E2,2019-02-18T08:08:01
80,Arlie,Crolla,acrolla27@squarespace.com,Female,L-5754,865XAFJ1L8,2018-10-31T16:36:19
81,Judy,Marioneau,jmarioneau28@shareasale.com,Female,30648,ZQJGH6QDVF,2019-02-28T02:01:08
82,Rebbecca,Amdohr,ramdohr29@deliciousdays.com,Female,142817,DRGTIKGHMT,2019-03-17T08:05:52
83,Ferdinand,Riall,friall2a@aol.com,Male,,BNOOQU7THL,2018-11-08T23:39:13
84,Rollo,Shingfield,rshingfield2b@istockphoto.com,Male,,WL74K9K8EO,2019-03-04T07:34:18
85,Harriott,Cullingworth,hcullingworth2c@storify.com,Female,T1P,OXHTFYLZ8N,2019-03-22T10:06:36
86,Elton,Berrow,eberrow2d@icio.us,Male,94454 CEDEX,Q4JRJ0BJOR,2018-10-30T06:55:38
87,Antoinette,Blayney,ablayney2e@senate.gov,Female,135 22,0SULWDY3WG,2019-01-27T13:53:36
88,Kendell,Gethen,kgethen2f@slashdot.org,Male,,RKXCGX7L72,2019-02-19T22:33:53
89,Krysta,Housegoe,khousegoe2g@newsvine.com,Female,32-080,5CKGXZNXQH,2018-12-04T04:21:00
90,Bernita,Duprey,bduprey2h@cnn.com,Female,43-365,BEZCCYHKNA,2019-01-09T09:24:30
91,Lin,Ballantine,lballantine2i@elpais.com,Female,,0Q6DFSQHL7,2018-11-11T19:10:58
92,Aida,Dacks,adacks2j@skyrock.com,Female,,7P9URHFXRJ,2018-11-10T02:17:02
93,Doreen,Tanby,dtanby2k@va.gov,Female,6022,FMMFZXF2AE,2018-12-14T13:21:21
94,Arlie,Ashbey,aashbey2l@google.it,Female,,4VSUETUFZS,2018-12-28T12:14:12
95,Delano,Caskie,dcaskie2m@google.co.jp,Male,,J3MA9MAA7T,2018-11-27T00:30:44
96,Regan,Westwick,rwestwick2n@columbia.edu,Female,,5TVFT8NYIP,2019-01-05T12:32:16
97,Nollie,Lamke,nlamke2o@desdev.cn,Male,,9QG9BSRUD3,2018-12-21T07:07:05
98,Simeon,Ladell,sladell2p@bluehost.com,Male,75120,8SNNT1BU0U,2018-11-10T12:15:19
99,Genevra,Cuttle,gcuttle2q@wp.com,Female,37-560,BTQ10FNK3H,2018-11-09T14:37:09
100,Nikolai,Halwill,nhalwill2r@state.gov,Male,3723,IV7PGI60K1,2019-02-07T17:56:29
101,Mareah,Gamet,mgamet2s@chicagotribune.com,Female,30302,81LCI9K9AK,2018-12-22T12:14:09
102,Paulie,Buggs,pbuggs2t@europa.eu,Male,,8QDDTVRSZF,2018-11-13T18:09:43
103,Rolland,Hatz,rhatz2u@princeton.edu,Male,2259,HABIUD9WYH,2019-02-21T05:48:15
104,Wynn,Blakeston,wblakeston2v@whitehouse.gov,Female,75780-000,LI8FIR2ML0,2019-01-07T19:40:19
105,Marney,Beauly,mbeauly2w@webeden.co.uk,Female,L2E,ZR8FGID5Y7,2018-12-16T14:44:15
106,Joelle,Ofen,jofen2x@ebay.co.uk,Female,5249,S29N9AVKOV,2018-12-01T11:55:04
107,Priscella,Sambells,psambells2y@spotify.com,Female,09034,XNTG5JG0DO,2019-01-03T10:20:36
108,Curry,Stemp,cstemp2z@instagram.com,Male,,RIULAWA2YX,2018-11-14T04:35:05
109,Darrick,Durtnell,ddurtnell30@independent.co.uk,Male,53104 CEDEX,22UZYGU3KY,2019-02-07T06:46:51
110,Dewain,Hallen,dhallen31@zdnet.com,Male,30394,F9W3PJU7R1,2018-12-31T13:13:11
111,Joannes,Aguilar,jaguilar32@nih.gov,Female,11210,TL2E22XJVP,2018-10-29T19:54:39
112,Marabel,Mapson,mmapson33@digg.com,Female,,YGQOZJGECW,2019-02-03T23:43:18
113,Rayna,Tenwick,rtenwick34@seattletimes.com,Female,,OVSWJKBMAX,2019-03-23T14:36:31
114,Frants,Hansel,fhansel35@miitbeian.gov.cn,Male,62-620,RNTMND6NF9,2018-11-02T15:15:38
115,Karisa,Standfield,kstandfield36@google.com.au,Female,,3WRMGV519K,2019-01-11T15:13:16
116,Charmine,Hilary,chilary37@xing.com,Female,,Z1A6NMBDMB,2018-11-17T16:05:52
117,Jania,Judge,jjudge38@mayoclinic.com,Female,,14V0T34CPF,2019-03-12T14:53:20
118,Ursuline,Farryann,ufarryann39@telegraph.co.uk,Female,38900,DNSMUYYVOK,2018-11-08T12:45:41
119,Kerwinn,Fowlds,kfowlds3a@statcounter.com,Male,1040,25S19NKTX0,2019-02-05T06:21:42
120,Peria,Bodycomb,pbodycomb3b@163.com,Female,,8FA6TIRY62,2019-03-19T19:28:39
121,Bernie,Radnedge,bradnedge3c@bloomberg.com,Female,,VH3UWX0SRG,2018-12-07T08:17:45
122,Loria,Weine,lweine3d@netvibes.com,Female,58181,VIXF6DI5I2,2018-11-22T15:21:36
123,Gabbie,Carn,gcarn3e@theguardian.com,Female,,YUTLFEI8IT,2018-11-17T02:09:11
124,Beverlie,Toretta,btoretta3f@utexas.edu,Female,,2M435KEO9F,2019-01-11T15:49:53
125,Dukey,Baton,dbaton3g@indiatimes.com,Male,97229,9EDSGU3FQ5,2019-02-03T20:37:35
126,Doyle,Delgaty,ddelgaty3h@pbs.org,Male,,8HNKLXJ88G,2018-11-06T01:29:25
127,Cinda,Jollye,cjollye3i@washington.edu,Female,,O5SJPHJ3O0,2018-11-03T22:12:03
128,Berty,Scarsbrooke,bscarsbrooke3j@forbes.com,Male,,5RGYX83AVF,2018-11-28T19:37:43
129,Halsey,Motherwell,hmotherwell3k@amazon.com,Male,,0AGW503F3C,2018-11-07T11:14:12
130,Pacorro,Heaysman,pheaysman3l@sourceforge.net,Male,,CRC922LWBG,2018-11-21T12:31:05
131,Byrann,Cassie,bcassie3m@tumblr.com,Male,,EG2YV6O3C9,2019-02-25T09:51:55
132,Nathalie,Casey,ncasey3n@hud.gov,Female,,VP1P9NYDMU,2019-01-13T16:22:13
133,Demetrius,Polkinhorn,dpolkinhorn3o@istockphoto.com,Male,671331,7H4UUB9LIM,2019-02-23T00:51:46
134,Pansie,Thickin,pthickin3p@vinaora.com,Female,10514,FYBXM8K6Y1,2018-12-11T11:55:26
135,Ann-marie,Rubinek,arubinek3q@sciencedaily.com,Female,,H0WS5E5UXN,2019-02-20T22:50:57
136,Janeen,Pablos,jpablos3r@goodreads.com,Female,,TOF7Q7WOH8,2019-03-16T18:46:43
137,Giles,Inott,ginott3s@lycos.com,Male,,RVS7H7YJ2V,2019-01-08T02:45:21
138,Cesar,Cowpe,ccowpe3t@youtube.com,Male,1106,093DKU95V5,2019-02-21T18:24:37
139,Mathew,Shorrock,mshorrock3u@chicagotribune.com,Male,3712,CSSEJ5ZLDL,2018-11-09T17:35:48
140,Ignacio,Klehn,iklehn3v@yelp.com,Male,,PP7UYNXCBU,2018-12-21T02:26:09
141,Waverley,Jacobbe,wjacobbe3w@cpanel.net,Male,,XLBPZXKNXN,2018-11-28T07:40:27
142,Hamlen,Reolfo,hreolfo3x@facebook.com,Male,38703,3A5KEQ0ECK,2019-02-01T05:42:17
143,Mozes,Tace,mtace3y@sciencedaily.com,Male,1304,2RZ2YI9E5J,2019-03-10T07:32:13
144,Moss,Bindley,mbindley3z@google.com.au,Male,47-232,GGVQS6I98A,2019-02-25T18:09:53
145,Gustavo,Hamflett,ghamflett40@npr.org,Male,,E3OM44PQ9I,2019-03-18T09:16:13
146,Lew,Jirsa,ljirsa41@earthlink.net,Male,202038,0MT25E4KMY,2019-03-18T19:35:38
147,York,Gosney,ygosney42@stumbleupon.com,Male,13140-000,6NQTQ4MLR0,2019-02-07T12:58:15
148,Morna,Zute,mzute43@google.com.au,Female,431890,0PWBKSWZCT,2019-03-23T11:34:38
149,Annmarie,Tring,atring44@indiegogo.com,Female,34-325,HYSGAXDONW,2019-02-22T09:02:40
150,Grantley,Ferraraccio,gferraraccio45@etsy.com,Male,300971,7FBWS4QTPS,2018-12-15T01:26:27
151,Ethel,Mulcock,emulcock46@histats.com,Female,,WOSQ0E65NH,2018-10-30T12:09:36
152,Baron,Wagerfield,bwagerfield47@pinterest.com,Male,5509,8G7DHS3SA5,2018-10-29T21:44:23
153,Sigfrid,Ort,sort48@amazon.de,Male,,G8HWI2SHPA,2018-12-03T09:50:19
154,Beale,Mildmott,bmildmott49@theatlantic.com,Male,,PG4TYBSGXE,2019-01-08T08:40:29
155,Martino,Twigg,mtwigg4a@123-reg.co.uk,Male,3885-705,UDQPH97UD1,2018-12-13T11:19:42
156,Frederich,Sesons,fsesons4b@nationalgeographic.com,Male,11102,HFJUERHSMA,2018-12-14T19:58:06
157,Sean,Farmar,sfarmar4c@printfriendly.com,Female,,HNC3B8C3NK,2018-11-18T14:13:44
158,Milissent,Drains,mdrains4d@instagram.com,Female,,VOH17SMBZW,2018-12-17T21:52:17
159,Dori,Zuan,dzuan4e@yellowpages.com,Female,,MGU5KNPZA0,2019-01-06T20:05:37
160,Sheilakathryn,Icke,sicke4f@imdb.com,Female,6530,0QIFRBVJ72,2019-02-16T08:32:49
161,Cesar,Issett,cissett4g@zdnet.com,Male,,FRQHNJL13N,2019-03-15T03:51:04
162,Quintus,Billing,qbilling4h@cafepress.com,Male,87140-000,4ZEA9R8PV4,2019-02-23T04:55:48
163,Niko,Mellonby,nmellonby4i@dropbox.com,Male,,VUHPXFUAPZ,2018-11-30T15:27:52
164,Daven,Kolinsky,dkolinsky4j@aol.com,Male,,1W6TCCR5J1,2019-01-11T06:10:50
165,Wyndham,Noury,wnoury4k@sciencedaily.com,Male,70762,ZLMNYJUZ5M,2019-02-23T15:57:10
166,Rolando,Dosdale,rdosdale4l@archive.org,Male,,FI4RFHGCZS,2019-01-25T03:43:02
167,Trstram,Colville,tcolville4m@stumbleupon.com,Male,,ZQLCJCHE0X,2018-12-17T02:20:32
168,Sarah,Greaterex,sgreaterex4n@webmd.com,Female,,OWURW1A3Y5,2018-11-09T13:34:36
169,Shadow,Stops,sstops4o@ask.com,Male,,I2Q8O2VMKH,2018-11-05T14:21:27
170,Walther,Conrath,wconrath4p@digg.com,Male,,5NEZFQ3CAK,2019-02-19T08:31:05
171,Phineas,Escudier,pescudier4q@youtube.com,Male,,ONB2M8ILP5,2018-12-06T19:04:14
172,Janine,Parkinson,jparkinson4r@merriam-webster.com,Female,06-320,SNMBWJWKZY,2018-12-10T11:43:11
173,Gilbert,Coldman,gcoldman4s@vk.com,Male,262 56,XV83EUMQO7,2019-01-10T03:06:37
174,Barbey,Quinion,bquinion4t@archive.org,Female,,EQCXOMSPS5,2019-03-04T14:44:13
175,Shannen,Cuttell,scuttell4u@ning.com,Female,,X0ATASUBFV,2018-12-24T22:46:34
176,Gerhard,Dimitresco,gdimitresco4v@mozilla.com,Male,4940-352,2KXCH0YICM,2019-01-07T03:23:59
177,Randal,Cuniam,rcuniam4w@free.fr,Male,,XMUSYEAAL2,2019-02-22T17:31:47
178,Tremayne,Juleff,tjuleff4x@thetimes.co.uk,Male,78460-000,7QDSXNH77H,2018-11-20T17:33:18
179,Marketa,Sadler,msadler4y@phoca.cz,Female,,49WTIH020Z,2018-10-28T21:53:42
180,Morgen,Anmore,manmore4z@reddit.com,Female,,9QK4NZHEDX,2019-02-25T10:37:18
181,Flory,Radford,fradford50@comsenz.com,Male,941 22,IIBYMAUEBZ,2018-11-30T05:37:20
182,Giacinta,Riseley,griseley51@newsvine.com,Female,,P3YEVC1WIG,2019-02-20T18:57:46
183,Dacey,Maciunas,dmaciunas52@goo.gl,Female,,679P68NGCD,2019-03-14T23:03:07
184,Leia,Drescher,ldrescher53@xing.com,Female,,28XEE4EQIZ,2019-01-14T08:16:33
185,Goldie,Redpath,gredpath54@cbsnews.com,Female,,V70TGCWH9L,2019-02-23T09:30:26
186,Standford,Geleman,sgeleman55@umich.edu,Male,345 02,QF59CHWZPQ,2019-01-17T22:46:05
187,Tessa,Island,tisland56@flavors.me,Female,,SIH8JC3F37,2019-03-05T11:50:35
188,Derek,Thomassin,dthomassin57@wikipedia.org,Male,,VKVLAHDUBH,2019-01-26T09:17:09
189,Holly-anne,Stubbs,hstubbs58@paginegialle.it,Female,,X09S8APHHB,2018-10-24T22:49:01
190,Zahara,Duggen,zduggen59@webnode.com,Female,,5YTE0VE8CK,2019-01-05T14:16:24
191,Albertina,O'Luney,aoluney5a@indiatimes.com,Female,,SZLR4INR54,2018-12-17T18:11:50
192,Chrysa,Iskow,ciskow5b@smh.com.au,Female,,3RCIL99W9Q,2019-03-06T11:48:53
193,Irita,Lathan,ilathan5c@google.com.br,Female,8874,S0C6AOP2IN,2019-01-12T19:42:43
194,Morey,Dunning,mdunning5d@amazonaws.com,Male,,L6F8BOH242,2019-03-10T00:11:08
195,Marvin,Ladson,mladson5e@washington.edu,Male,,TMO6TFWHMU,2018-11-29T19:48:51
196,Luelle,Brickett,lbrickett5f@google.it,Female,66-436,4SPPXMF2WK,2018-11-14T01:47:53
197,Giulia,Harlick,gharlick5g@fotki.com,Female,630511,EI41XAZPK2,2018-10-28T12:52:55
198,Trescha,Cumpsty,tcumpsty5h@independent.co.uk,Female,,I7OVG2GLBU,2019-02-17T23:05:21
199,Dinnie,Allmond,dallmond5i@163.com,Female,02745,D7PDJW0SBB,2019-01-31T21:59:44
200,Norina,Fleay,nfleay5j@princeton.edu,Female,,44S8OG80KT,2018-11-12T08:48:46
201,Tam,Braun,tbraun5k@admin.ch,Male,,FTVRYSHAFX,2019-03-20T04:24:28
202,Fraze,Gooch,fgooch5l@nasa.gov,Male,,YD1S7C2D4U,2018-12-29T04:51:17
203,Dolf,Blunderfield,dblunderfield5m@nbcnews.com,Male,9970-244,17TF1FIILN,2019-02-04T07:48:48
204,Jenelle,Renault,jrenault5n@networkadvertising.org,Female,,I8JZY9028M,2018-11-19T18:08:51
205,Nadeen,Housegoe,nhousegoe5o@soup.io,Female,,MS4RAFGHR3,2018-11-26T18:17:43
206,Wilt,Rubinsaft,wrubinsaft5p@ycombinator.com,Male,,BVNP1KYOEX,2019-02-19T18:22:06
207,Thorn,Kubyszek,tkubyszek5q@symantec.com,Male,13690-000,9GY639VSQG,2019-01-16T19:29:47
208,Kit,Arch,karch5r@chron.com,Male,,NXLEHDAL02,2019-03-19T05:40:32
209,Tim,Bayford,tbayford5s@comcast.net,Male,,DEXOAVBPXF,2019-01-11T09:22:25
210,Whitaker,Gyrgorcewicx,wgyrgorcewicx5t@imageshack.us,Male,,C5TYMQYSFW,2018-11-22T17:03:43
211,Darline,Iddons,diddons5u@engadget.com,Female,,H76LCY94BX,2019-03-07T10:13:11
212,Yolanda,Stuckey,ystuckey5v@boston.com,Female,,Y52IW361TM,2018-10-31T10:51:15
213,Karoline,Neubigin,kneubigin5w@examiner.com,Female,48970-000,VBS7CUUILA,2019-01-11T16:39:10
214,Broderick,Carrack,bcarrack5x@businesswire.com,Male,,1HFVMYE8N4,2019-03-22T11:00:07
215,Rosy,Radband,rradband5y@columbia.edu,Female,,F6QUOP75NG,2018-12-31T06:18:42
216,Cassi,Megany,cmegany5z@mit.edu,Female,80920,TD5KN3RQMW,2019-01-28T20:48:35
217,Levey,Heffron,lheffron60@princeton.edu,Male,,57WMDUI31R,2018-11-26T23:14:37
218,Nye,Ferronet,nferronet61@w3.org,Male,,LS2SYLFC5X,2018-12-28T11:16:01
219,Joeann,Barta,jbarta62@cafepress.com,Female,,RKD6S7XXMB,2018-10-29T17:41:07
220,Joella,Cashman,jcashman63@mtv.com,Female,,B1WV82O7UO,2019-01-05T23:04:34
221,Lorry,Lant,llant64@last.fm,Male,,063VO36BZW,2019-01-12T21:00:46
222,Kaitlyn,Webb-Bowen,kwebbbowen65@nytimes.com,Female,6185-302,F7WC8NP1XJ,2018-12-12T04:44:45
223,Maury,Mariyushkin,mmariyushkin66@mit.edu,Male,,4J88Z048UG,2018-11-02T04:50:38
224,Desmond,Osgorby,dosgorby67@ask.com,Male,59009,LL0WEUS1U1,2018-11-24T14:23:20
225,Waldemar,Glencrash,wglencrash68@miitbeian.gov.cn,Male,3743,E0T8L66C4Z,2018-10-27T11:43:57
226,Janine,Plott,jplott69@feedburner.com,Female,,DKNMTCFA8S,2018-12-03T08:35:52
227,Fin,Ivakhno,fivakhno6a@typepad.com,Male,,XJ2A3YZWJW,2019-02-14T02:29:46
228,Mela,Linsey,mlinsey6b@alexa.com,Female,171543,S7R6ELVA85,2019-03-05T14:51:37
229,Shanie,Lanfranconi,slanfranconi6c@wisc.edu,Female,10081 CEDEX,GE3JXTBA7L,2019-02-24T01:37:33
230,Zach,Patrie,zpatrie6d@cdbaby.com,Male,186932,TMFYKTF6KC,2019-03-06T17:12:30
231,Jemie,Abramovic,jabramovic6e@google.de,Female,,E5QV7EKINO,2019-02-02T04:03:45
232,Dan,Conry,dconry6f@bizjournals.com,Male,,UMQ60DPHN5,2018-12-25T02:04:48
233,Cynthea,Gibling,cgibling6g@miibeian.gov.cn,Female,,NQKVXZC7SV,2019-03-14T01:27:31
234,Devina,Kerrigan,dkerrigan6h@earthlink.net,Female,172,1KRG0M9NKK,2019-02-12T14:57:07
235,Arte,Farron,afarron6i@bbc.co.uk,Male,,TYQMHZJBS7,2019-02-23T08:07:16
236,Claribel,Kopacek,ckopacek6j@clickbank.net,Female,,59K07FWRUB,2019-02-21T18:57:19
237,Shannon,Ascough,sascough6k@purevolume.com,Female,,0OWOBISHGA,2018-10-27T02:00:19
238,Shaylah,Synder,ssynder6l@i2i.jp,Female,,VFTAHTLB2D,2019-03-11T07:31:03
239,Lee,Johnes,ljohnes6m@xinhuanet.com,Male,5436,NELVHH347J,2018-11-11T01:06:48
240,Abrahan,Pally,apally6n@google.co.jp,Male,,S0D6Y4IY28,2019-01-20T08:21:47
241,Joscelin,Bagshaw,jbagshaw6o@apache.org,Female,8308,SR0KRD0OO0,2019-02-01T12:49:31
242,Averell,Poleye,apoleye6p@trellian.com,Male,8601,ZVHZ9WNN19,2018-10-26T01:52:57
243,Pattie,Hamal,phamal6q@ibm.com,Female,77915-000,7FPS1XYP5E,2019-03-16T04:51:15
244,Etty,Eglese,eeglese6r@tripod.com,Female,,NOJ3COZYY7,2019-03-05T03:44:40
245,Libby,Bearns,lbearns6s@e-recht24.de,Female,,M6UFGH50QT,2018-11-23T05:10:14
246,Quinlan,McNamee,qmcnamee6t@123-reg.co.uk,Male,20566,M39QAWJFWM,2018-11-17T16:40:43
247,Alie,Weyland,aweyland6u@statcounter.com,Female,,MN3V5OD4XR,2019-02-03T04:28:38
248,Sanders,Holdin,sholdin6v@devhub.com,Male,,BNJYIBFX4Y,2018-10-26T03:30:11
249,Cindee,Zelley,czelley6w@prlog.org,Female,2432,DZ8KOZ9XE9,2019-03-16T21:41:12
250,Brianna,Douglass,bdouglass6x@goo.ne.jp,Female,92404 CEDEX,3OT4128NR6,2018-10-26T20:16:41
251,Edmon,Broxup,ebroxup6y@over-blog.com,Male,77381,GQ9N1OOR1R,2019-01-23T06:27:40
252,Genovera,Tomasian,gtomasian6z@chron.com,Female,67-120,MTFZ5HFJYS,2019-01-18T09:44:29
253,Ettie,Kerrod,ekerrod70@dagondesign.com,Female,647341,LQDB6DOZED,2019-03-12T09:36:50
254,Marlon,Bertolin,mbertolin71@irs.gov,Male,29228 CEDEX 2,0XKAJPG2X3,2019-01-09T00:49:57
255,Cherlyn,Elstone,celstone72@weibo.com,Female,2445,E7WCKBWAXG,2019-03-10T04:09:55
256,Jewelle,Brettor,jbrettor73@plala.or.jp,Female,696 85,XT0SIWY081,2019-01-19T07:28:05
257,Chas,Klee,cklee74@nationalgeographic.com,Male,,QUW4YANNZM,2019-02-13T02:18:53
258,Wilmer,Dunk,wdunk75@domainmarket.com,Male,,AI70JIUD03,2018-10-27T17:23:43
259,Korrie,Sackey,ksackey76@smugmug.com,Female,40053,EWWPEYCPC3,2019-01-27T21:31:58
260,Sheela,Heimann,sheimann77@facebook.com,Female,,ENC7QR8DEZ,2018-11-23T18:23:03
261,Lauralee,Bowring,lbowring78@biblegateway.com,Female,4336,XRAF4K1DVD,2018-11-19T10:07:54
262,Lamond,Archbutt,larchbutt79@networksolutions.com,Male,75318 CEDEX 09,H8I97E64MQ,2019-03-09T16:03:35
263,Pyotr,Antyukhin,pantyukhin7a@biblegateway.com,Male,,67KGA9SERZ,2018-12-21T05:25:50
264,Aila,Shapera,ashapera7b@artisteer.com,Female,,4J4LK7RB56,2019-01-16T20:17:05
265,Sasha,Woloschinski,swoloschinski7c@goo.ne.jp,Female,33-111,LZTX87LT4L,2018-11-29T06:42:58
266,Ferdinanda,Tomankowski,ftomankowski7d@census.gov,Female,37890-000,7HL1QFU8NR,2019-02-10T10:00:58
267,Gustavo,Stepto,gstepto7e@aboutads.info,Male,,PRA2ERH9LG,2019-02-28T13:16:13
268,Lorraine,Draycott,ldraycott7f@cdbaby.com,Female,7203,G9RUH60171,2019-02-10T02:04:04
269,Itch,Lefort,ilefort7g@amazon.de,Male,,O5OK8S0NEP,2018-12-04T09:56:14
270,Demetris,Swiers,dswiers7h@theatlantic.com,Female,,CNL3HJ9J65,2019-03-19T15:59:49
271,Kellby,Esberger,kesberger7i@youku.com,Male,,TY9ZN2RK7G,2019-01-18T00:56:49
272,Tally,Soldi,tsoldi7j@oracle.com,Male,,7G2ZS3NJGL,2018-12-21T02:57:57
273,Sigvard,Rowet,srowet7k@wikia.com,Male,,CHIJ437TMK,2018-12-17T17:07:53
274,Siward,Domokos,sdomokos7l@a8.net,Male,8200-434,HRPY31JC2I,2018-11-05T22:52:55
275,Rufe,MacSwayde,rmacswayde7m@usnews.com,Male,960-8141,8M9KHYJEB1,2019-03-16T05:25:04
276,Eldridge,Duggan,eduggan7n@deliciousdays.com,Male,696 66,IIJ6P769M7,2019-03-02T19:34:25
277,Davis,Prestwich,dprestwich7o@goo.ne.jp,Male,,AJVENRCHMW,2018-12-06T12:22:29
278,Leontyne,Dowderswell,ldowderswell7p@t-online.de,Female,43850-000,Z0IUF2K0YD,2018-12-08T16:41:45
279,Freedman,Dadd,fdadd7q@thetimes.co.uk,Male,,TQ8RG0BA4C,2019-02-17T00:44:19
280,Frants,Waples,fwaples7r@sourceforge.net,Male,83200-000,DY88CHQSEX,2019-03-16T19:38:41
281,Karalee,Saggs,ksaggs7s@europa.eu,Female,,A5ZCBNF2AK,2019-01-31T07:59:08
282,Lorens,Dysert,ldysert7t@examiner.com,Male,7740,R0CZMRIL30,2018-12-04T19:00:03
283,Riobard,Varren,rvarren7u@ycombinator.com,Male,10612,J4SKXMPDW2,2018-12-02T11:48:48
284,Izak,Osler,iosler7v@altervista.org,Male,10311,1MKEYZN5D7,2019-01-05T17:55:38
285,Ware,Nelmes,wnelmes7w@forbes.com,Male,88998,VMNSQ0V582,2019-01-09T00:30:17
286,Franklyn,Fermin,ffermin7x@jigsy.com,Male,391625,T9SN5AV2IY,2018-11-08T14:35:14
287,Dannie,Largan,dlargan7y@360.cn,Male,,3ZLDPBB6WJ,2018-10-28T22:36:22
288,Rickie,Shortcliffe,rshortcliffe7z@tripadvisor.com,Female,,2X4W2WIGFI,2019-03-18T23:22:47
289,Mady,Barthrup,mbarthrup80@google.com.br,Female,,2BY4EU3YPN,2018-12-25T06:47:27
290,Chrysler,Southerton,csoutherton81@fc2.com,Female,6344,VZJVF9T9DG,2018-11-22T18:39:30
291,Carly,Cator,ccator82@deviantart.com,Female,250437,C6YCZKAGWZ,2019-01-26T10:50:18
292,Harriet,Colt,hcolt83@arizona.edu,Female,,UAKA5E84V9,2019-02-25T02:48:11
293,Antin,Liversedge,aliversedge84@list-manage.com,Male,,WRPXWK8C0J,2018-10-30T21:05:32
294,Janek,Shipcott,jshipcott85@google.nl,Male,,INIE2SU8UO,2019-03-21T17:26:47
295,Gail,Stuer,gstuer86@sciencedaily.com,Male,,8JISBD4AXN,2019-02-19T18:07:19
296,Agustin,Fewell,afewell87@sakura.ne.jp,Male,,L690EJAABE,2018-12-20T08:55:21
297,Valenka,Kilpin,vkilpin88@forbes.com,Female,,8W5IQQ3FDF,2019-01-06T13:41:08
298,Carolann,Brabin,cbrabin89@hud.gov,Female,,2TXAYTMFID,2018-12-06T02:26:07
299,Rupert,Runcie,rruncie8a@bizjournals.com,Male,,6DLRHYL5XD,2019-01-12T03:07:57
300,Venita,Petchell,vpetchell8b@netvibes.com,Female,,429LYG7ID0,2018-12-16T22:43:59
301,Willy,Edinburgh,wedinburgh8c@answers.com,Male,32-031,XIOFOIBZIT,2018-11-25T17:24:18
302,Chiquia,Westley,cwestley8d@mac.com,Female,,P7BP8DRV7I,2019-01-14T04:22:08
303,De witt,Schiell,dschiell8e@miibeian.gov.cn,Male,,VFIKDJB8VC,2018-10-27T18:22:43
304,Cart,Ditchett,cditchett8f@wufoo.com,Male,4644,1IBA1GH2X4,2018-11-17T11:59:38
305,Nester,Mainson,nmainson8g@mysql.com,Male,,61Z0JYG18N,2019-01-22T03:39:06
306,Mitchael,Petronis,mpetronis8h@fotki.com,Male,62577,7R0YOWHUCR,2018-10-28T09:50:16
307,Ursula,Pidgley,upidgley8i@indiegogo.com,Female,641334,MC18JR7GOU,2018-12-10T06:45:17
308,Mariana,Boch,mboch8j@howstuffworks.com,Female,,JJN6R6DDR7,2019-03-18T23:26:06
309,Charin,Rout,crout8k@engadget.com,Female,831 76,JNC4YDH4OK,2019-02-08T19:36:35
310,Kendal,Berkely,kberkely8l@loc.gov,Male,7309,6PJDYLMZAZ,2019-03-17T10:31:23
311,Granger,Diboll,gdiboll8m@squarespace.com,Male,,563VM63Z0D,2018-11-11T21:09:09
312,Saw,Tommei,stommei8n@bluehost.com,Male,,OIJW2AEE7M,2018-11-06T17:29:07
313,Redd,Sargeaunt,rsargeaunt8o@wikispaces.com,Male,,PFLG5EOPWF,2019-01-11T00:46:14
314,Pepito,Antognoni,pantognoni8p@cisco.com,Male,,JXM3JYYO89,2019-01-29T09:19:10
315,Emelina,Twort,etwort8q@jiathis.com,Female,,BCW99M3358,2018-12-19T17:53:10
316,Alvina,Tallent,atallent8r@comcast.net,Female,91980,V5M8C8ZO4T,2019-03-13T11:23:04
317,Camella,Gimlet,cgimlet8s@mozilla.com,Female,270-1108,CGF2RXGGBG,2019-01-29T11:47:07
318,Stephenie,Wesgate,swesgate8t@hatena.ne.jp,Female,D6W,17C2CLP5FQ,2019-03-19T03:39:27
319,Heinrick,Honniebal,hhonniebal8u@dyndns.org,Male,,7EOJF40LZ8,2018-12-12T19:59:35
320,Paco,Vischi,pvischi8v@gmpg.org,Male,460056,ZA24W7KCM7,2018-11-22T00:47:35
321,Harbert,Patman,hpatman8w@reuters.com,Male,39600-000,YC1AG2P8UK,2018-12-16T09:34:07
322,Erastus,Casserly,ecasserly8x@tinypic.com,Male,,36RW2X7P5G,2018-11-15T10:35:58
323,Manon,Schruurs,mschruurs8y@tmall.com,Female,679 23,WDLMDSHJQF,2019-01-06T13:34:24
324,Durward,Delap,ddelap8z@weebly.com,Male,,0UK35F5FSH,2019-02-25T21:53:17
325,Keelby,Croson,kcroson90@arstechnica.com,Male,,9I890PDES4,2019-03-09T15:10:04
326,Bobbie,Vigietti,bvigietti91@eepurl.com,Male,,AT3ICT9P05,2019-02-26T18:41:07
327,Bonnee,Schall,bschall92@cargocollective.com,Female,,AYXV8PZMO2,2019-03-09T17:55:16
328,Eloise,Courtese,ecourtese93@list-manage.com,Female,,Q9SJRBA674,2019-01-16T01:49:52
329,Barbie,Burleton,bburleton94@umn.edu,Female,,26EX4RW7IM,2019-02-05T08:58:49
330,Dyane,Grouse,dgrouse95@delicious.com,Female,3837,974NNJ19BK,2019-02-22T03:22:02
331,Clementia,Sawyer,csawyer96@people.com.cn,Female,,01F45Q3QC8,2018-12-25T07:17:07
332,Marjie,Clarricoates,mclarricoates97@weebly.com,Female,,IFL7MD52KB,2018-11-09T19:12:24
333,Juliann,Averay,javeray98@alibaba.com,Female,,ARYNHKZN7I,2018-11-20T19:17:19
334,Sunshine,Patis,spatis99@ehow.com,Female,86-120,LW8FW0ZPZT,2019-03-13T13:58:09
335,Robinia,Hambridge,rhambridge9a@loc.gov,Female,,RPGT1EVIKP,2019-01-05T23:17:50
336,Hastings,Lortzing,hlortzing9b@mashable.com,Male,,VWC15686NZ,2019-02-21T15:26:05
337,Dalton,Shewan,dshewan9c@scribd.com,Male,,A4FEEF4DG7,2018-11-04T10:56:57
338,Pearl,Cressingham,pcressingham9d@lulu.com,Female,02701,M1CWG7KMLN,2019-02-04T14:33:01
339,Kacie,Wythe,kwythe9e@devhub.com,Female,,N4EGOWZ92U,2018-11-11T05:05:48
340,Mersey,Casin,mcasin9f@newsvine.com,Female,4415-719,8MRGQL4OSK,2019-01-21T16:31:27
341,Wood,Vittore,wvittore9g@sphinn.com,Male,,QE3EFO6IDD,2018-12-28T04:37:32
342,Codi,Harly,charly9h@pinterest.com,Female,,VPF6TK3MHR,2018-10-28T22:03:16
343,Amelia,Moores,amoores9i@exblog.jp,Female,10430,I5B245YUNF,2018-11-11T19:43:50
344,Zahara,Bram,zbram9j@prweb.com,Female,13464 CEDEX 16,AOO7S0UJBN,2019-02-01T00:47:46
345,Salaidh,Stoffer,sstoffer9k@guardian.co.uk,Female,62375,ZMUEMTZCLP,2018-12-21T23:30:19
346,Chadwick,Huskinson,chuskinson9l@163.com,Male,,UHFTAGMOKQ,2018-12-29T22:41:32
347,Matty,Bendelow,mbendelow9m@lycos.com,Male,,RZXGH0FGZV,2019-03-12T17:08:21
348,Saw,Staniford,sstaniford9n@ifeng.com,Male,,QHKL9LJDQW,2018-11-29T21:41:33
349,Dosi,Maddams,dmaddams9o@mashable.com,Female,5806,U2YXMKV9KP,2018-11-14T16:18:24
350,Madelin,Beevis,mbeevis9p@comsenz.com,Female,,JNTZMC8NYQ,2019-03-01T10:38:24
351,Kris,Cockren,kcockren9q@yellowpages.com,Female,,J4CIG0UG7Y,2018-11-25T13:17:27
352,Artur,Buxcy,abuxcy9r@pagesperso-orange.fr,Male,2431,J79VB2MFV0,2018-10-26T08:33:07
353,Yorker,Linneman,ylinneman9s@infoseek.co.jp,Male,59071,UWZUDVQB2R,2019-03-08T03:29:39
354,Clemmy,Higgoe,chiggoe9t@angelfire.com,Female,,0JCSSO7E62,2019-02-03T12:19:52
355,Gilberto,Filchakov,gfilchakov9u@printfriendly.com,Male,26-130,B46BGRNE1I,2018-12-15T09:13:29
356,Jerrilee,Silson,jsilson9v@artisteer.com,Female,21325,MBZAV7VOP3,2019-02-06T07:43:40
357,Eudora,Alexandersson,ealexandersson9w@uiuc.edu,Female,62200-000,QTBZ2I1469,2018-12-26T17:25:52
358,Carroll,Bamsey,cbamsey9x@delicious.com,Male,,FBFG46PQOP,2018-10-26T13:53:12
359,Ulises,Otterwell,uotterwell9y@cloudflare.com,Male,79200-000,5JUEW0AOR0,2018-12-18T05:20:22
360,Sheba,Blaza,sblaza9z@vimeo.com,Female,457 81,EKJV52IBUM,2019-03-05T22:09:59
361,Jessie,Beaney,jbeaneya0@un.org,Male,,N5V58PQWVA,2018-11-30T01:53:45
362,Dominik,Dorrington,ddorringtona1@google.com.br,Male,,SRJHOCEBVW,2018-11-14T15:05:19
363,Delmer,Avramov,davramova2@blogspot.com,Male,057878,K1DB9TTHRL,2019-01-21T10:37:58
364,Vidovic,Pinn,vpinna3@wix.com,Male,,Y02U2HAH59,2018-11-19T15:26:56
365,Hurlee,Tomaselli,htomasellia4@wunderground.com,Male,91965 CEDEX,BIVKYKIZ6V,2019-02-03T10:30:03
366,Joanne,McGlaud,jmcglauda5@youtube.com,Female,,BBW4F2L4RY,2019-02-24T08:28:58
367,Ignacio,Trudgian,itrudgiana6@istockphoto.com,Male,,S6WBAIZ96A,2019-01-16T16:03:50
368,Freeland,Lidgate,flidgatea7@fda.gov,Male,,HNOYR4UYIC,2019-01-20T22:06:24
369,Portie,Hastin,phastina8@ted.com,Male,68721-000,AKXKUR25Y2,2018-12-23T07:20:08
370,Theobald,Edinboro,tedinboroa9@wiley.com,Male,,AVVJ9SPQ5G,2018-10-28T09:27:41
371,Bab,Henningham,bhenninghamaa@flavors.me,Female,,562LPHMXXA,2018-11-03T04:23:39
372,Rosalie,Salterne,rsalterneab@gravatar.com,Female,186793,M4IAPU11SZ,2018-11-15T04:54:00
373,Mariann,Ferraro,mferraroac@photobucket.com,Female,687520,UHAN9413WU,2019-02-23T00:55:52
374,Tracie,Cranfield,tcranfieldad@shutterfly.com,Female,31029 CEDEX 4,O1PYKIJ70R,2018-10-26T06:42:03
375,Whitney,Wilfling,wwilflingae@canalblog.com,Male,,Z6A2A4ADMT,2018-12-29T11:59:43
376,Verge,Wearing,vwearingaf@geocities.com,Male,,TFWOFIUXCE,2018-11-27T09:00:39
377,Winslow,Opdenort,wopdenortag@tinypic.com,Male,,JP3L6OQNXB,2018-11-16T18:12:43
378,Brandice,Liffe,bliffeah@cbsnews.com,Female,,KDZRWUBPSP,2018-11-19T10:08:10
379,Dieter,Persence,dpersenceai@amazon.co.uk,Male,1718,WEF32Q6V7O,2019-01-16T11:44:01
380,Karel,Shaddock,kshaddockaj@reverbnation.com,Female,5174,R45523MSGP,2019-02-21T21:45:05
381,Arin,McNay,amcnayak@ovh.net,Male,49218,6FAZLI8NYO,2019-02-14T00:32:36
382,Errick,Kirrage,ekirrageal@blinklist.com,Male,,2IY4WCQDSQ,2018-12-14T17:59:06
383,Cordi,Teasell,cteasellam@aol.com,Female,676280,I8RPWQ4B5Z,2018-12-15T11:13:20
384,Barny,Simnel,bsimnelan@pinterest.com,Male,,MTV0U4BHKB,2018-12-25T05:37:36
385,Aluin,Goroni,agoroniao@clickbank.net,Male,,HVGJPY86JA,2019-02-16T08:36:33
386,Ransell,Filyaev,rfilyaevap@ameblo.jp,Male,,25S0XGM2G7,2018-12-01T04:51:03
387,Delinda,Albury,dalburyaq@europa.eu,Female,,Z9VJ9G6R6W,2019-01-10T02:23:51
388,Rasia,Stamps,rstampsar@1und1.de,Female,,96YH9KE3PJ,2018-12-23T04:00:09
389,Bryna,Moar,bmoaras@wordpress.org,Female,,X2D7LDI24O,2019-02-23T20:26:55
390,Felipe,Parkeson,fparkesonat@berkeley.edu,Male,6529,SK7WGMSE9G,2019-01-05T17:45:02
391,Allissa,Baraclough,abaracloughau@qq.com,Female,77000-000,B3KPAH4FUL,2018-12-08T06:25:30
392,Morlee,Leynham,mleynhamav@bigcartel.com,Male,,M17W2OUGO3,2019-01-02T14:06:22
393,Conroy,Wintle,cwintleaw@slashdot.org,Male,,7NVEOV3ETT,2019-03-03T07:16:18
394,Agnes,Haskayne,ahaskayneax@deviantart.com,Female,,64X75U1AO1,2019-01-09T20:03:10
395,Torey,Josuweit,tjosuweitay@blogs.com,Female,,ILUKCT8UQT,2019-03-12T19:16:17
396,Umberto,Inglesent,uinglesentaz@wired.com,Male,4007,4TI9XXJ6J0,2018-10-29T09:28:01
397,Deb,Torpie,dtorpieb0@si.edu,Female,88870-000,AGDNCX82QS,2018-10-31T10:51:13
398,Sonnie,Charlwood,scharlwoodb1@loc.gov,Male,9512,5BGR0P74OO,2019-03-18T14:28:00
399,Patin,Geggus,pgeggusb2@theatlantic.com,Male,4824,CQOSW46B7E,2018-12-17T02:38:47
400,Nickey,Wyd,nwydb3@marketwatch.com,Male,68134 CEDEX,EVMXCTGHT0,2018-12-19T21:41:01
401,Delcina,Godehard.sf,dgodehardsfb4@tripadvisor.com,Female,,CWI34HUL94,2018-12-21T15:53:09
402,Ros,Sterrie,rsterrieb5@answers.com,Female,,BXLOEIYIFG,2018-11-24T05:42:29
403,Linus,Holsall,lholsallb6@baidu.com,Male,,P0N95RL7I2,2018-11-27T23:10:28
404,Wilton,Tomkys,wtomkysb7@nature.com,Male,6332,TDRXYUIX02,2018-11-30T11:48:41
405,Cris,Pyper,cpyperb8@artisteer.com,Male,28900-000,ND3H3DRQAJ,2018-12-17T02:28:14
406,Jacqui,McNelis,jmcnelisb9@twitter.com,Female,3230,JHZ21V60LZ,2019-02-05T04:14:20
407,Raye,Stock,rstockba@4shared.com,Female,62580-000,U3T7U1C31S,2019-01-13T12:01:41
408,Everett,Steggles,estegglesbb@reference.com,Male,,A6ZCU3ONUX,2019-01-18T15:42:39
409,Phoebe,Falloon,pfalloonbc@hexun.com,Female,,DU1UJKKYTI,2018-12-26T14:41:44
410,Andie,Dunaway,adunawaybd@usa.gov,Male,,8HOJTU14LF,2018-12-29T11:49:30
411,Vivien,Haskell,vhaskellbe@europa.eu,Female,,7VP6P7M56Y,2018-12-25T07:35:25
412,Renato,Lineker,rlinekerbf@seattletimes.com,Male,,UP47IPMT7D,2018-11-02T00:03:52
413,Theo,Flindall,tflindallbg@taobao.com,Female,,USCK45SZUK,2019-02-12T19:45:21
414,Devora,Armstead,darmsteadbh@blogspot.com,Female,7309,G214A0RQZY,2019-03-23T15:56:37
415,Dorene,Drinkel,ddrinkelbi@4shared.com,Female,,3GWOK8W7ZJ,2019-01-25T10:15:17
416,Giacinta,Croson,gcrosonbj@macromedia.com,Female,,T4EEV1ASG8,2018-12-03T15:03:58
417,Garnet,Neljes,gneljesbk@icio.us,Female,,Y3RVASO1DG,2019-03-16T23:44:39
418,Vance,Poletto,vpolettobl@noaa.gov,Male,352320,NV72RWCM6N,2018-12-01T06:55:10
419,Josepha,Fortun,jfortunbm@cnet.com,Female,,VW2F83W6KB,2018-11-08T09:37:21
420,Wilfrid,Ambrodi,wambrodibn@networksolutions.com,Male,24109,3CP71X829B,2018-12-26T04:41:24
421,Marcelline,Powers,mpowersbo@infoseek.co.jp,Female,,77TP2YH7AB,2018-11-20T02:21:28
422,Herman,Children,hchildrenbp@jiathis.com,Male,5155-205,Y4FUAGT589,2018-12-04T12:40:22
423,Ricoriki,Iscowitz,riscowitzbq@studiopress.com,Male,,6G76BPOT3S,2019-01-08T22:14:51
424,Maire,Thebeau,mthebeaubr@chronoengine.com,Female,68144,FHWFU4JBK9,2019-03-11T03:20:38
425,Verney,Duchenne,vduchennebs@xing.com,Male,,R0SC7KY63R,2019-03-06T14:54:33
426,Padraig,Romanini,promaninibt@nymag.com,Male,,BF1LHV53RB,2018-10-30T16:58:30
427,Bobette,Sheer,bsheerbu@vkontakte.ru,Female,,HY7B6OKDM7,2018-12-27T16:18:12
428,Janet,Latter,jlatterbv@usatoday.com,Female,417 61,C07Q6EHQK5,2018-12-28T23:25:32
429,Auguste,Flynn,aflynnbw@springer.com,Female,,2OBM4YCDT1,2019-02-26T10:48:53
430,Hulda,Walliker,hwallikerbx@myspace.com,Female,253608,OPM8TM1SC8,2019-03-05T01:27:39
431,Jenine,Iiannone,jiiannoneby@vimeo.com,Female,4700,B0GBPJ02DF,2019-02-08T18:36:11
432,Kimbell,Gallamore,kgallamorebz@oakley.com,Male,58840-000,6CFTT20Y9J,2019-01-04T13:50:10
433,Weber,Vaudin,wvaudinc0@seesaa.net,Male,,O2R27YHWJX,2019-02-21T20:53:51
434,Andreana,Coombes,acoombesc1@moonfruit.com,Female,969-6142,RK12A83SSR,2019-01-23T09:09:40
435,Locke,Fylan,lfylanc2@github.com,Male,357560,XQ32SS3P9G,2019-02-11T21:36:05
436,Coleen,Bert,cbertc3@state.gov,Female,,RFLA9ZQ5MA,2019-02-01T03:50:11
437,Thatcher,Ranger,trangerc4@goo.gl,Male,2665-189,5QT433FOEH,2019-01-26T23:46:01
438,Dulcinea,Querree,dquerreec5@clickbank.net,Female,,MY80ZGLHBA,2019-01-19T22:52:04
439,Benito,Beacon,bbeaconc6@oaic.gov.au,Male,,U27W79AD1N,2018-12-16T15:34:26
440,Maritsa,Orfeur,morfeurc7@ox.ac.uk,Female,,21VN0NY8MD,2018-12-06T15:39:43
441,Mirabel,Meiner,mmeinerc8@reddit.com,Female,2504,SU9Y1TQ292,2019-03-13T20:08:19
442,Margareta,Scammell,mscammellc9@plala.or.jp,Female,,ZWCYQM0TGV,2019-01-07T02:08:36
443,Inger,Dunbavin,idunbavinca@last.fm,Female,391 02,XJPMEW44OQ,2019-01-06T15:45:14
444,Elisabeth,Shoobridge,eshoobridgecb@joomla.org,Female,88-324,89H6GDLCSB,2019-03-20T22:11:14
445,Rhys,Brambell,rbrambellcc@php.net,Male,,JJ7LVLO9UC,2018-11-13T21:39:47
446,Gav,Millership,gmillershipcd@businesswire.com,Male,,IGDQL0TRNF,2019-02-22T14:00:12
447,Ring,Bolle,rbollece@xrea.com,Male,,41E7MQBDCV,2018-11-08T23:51:17
448,Matthus,Vasnetsov,mvasnetsovcf@weather.com,Male,,VE0J082HH0,2019-03-19T17:14:20
449,Woodrow,Mattiato,wmattiatocg@squarespace.com,Male,44143,R8Z0HQ290S,2019-02-14T05:09:26
450,Inness,Kliment,iklimentch@a8.net,Male,,L8FXU2Y39U,2019-03-17T19:17:11
451,Skippy,Runcieman,srunciemanci@shop-pro.jp,Male,,LF9N6A2U8L,2019-01-06T07:21:33
452,Kellby,Kiledal,kkiledalcj@prlog.org,Male,439 07,QAUUPW53ZX,2018-11-17T18:56:37
453,Bartolomeo,Dablin,bdablinck@army.mil,Male,33345,X80T5X7X25,2019-03-13T23:00:07
454,Gisele,Hargie,ghargiecl@thetimes.co.uk,Female,38-450,NB30NQOPN8,2018-11-04T19:36:40
455,Fulton,Pennrington,fpennringtoncm@gizmodo.com,Male,28289,QNVP7ZFJML,2019-01-28T12:13:04
456,Morly,Westhoff,mwesthoffcn@google.it,Male,6403,SPRZN74K42,2019-01-23T14:06:44
457,Randi,Dimbylow,rdimbylowco@virginia.edu,Male,,RLD08CVVF2,2019-01-03T15:46:21
458,Beverie,Hatchman,bhatchmancp@sitemeter.com,Female,739 30,C6QPDL99GR,2019-01-08T12:59:02
459,Haslett,Le Friec,hlefrieccq@homestead.com,Male,,DEC8SDU44M,2018-11-08T03:29:06
460,Daven,Timny,dtimnycr@hud.gov,Male,6227,FZK1J5JEXL,2019-02-19T21:19:34
461,Randee,Nulty,rnultycs@go.com,Female,,RZMXXFK7AL,2018-11-12T17:58:12
462,Mab,Cubley,mcubleyct@ucsd.edu,Female,L2E,NWY0E4VYDE,2019-01-02T07:05:53
463,Albertina,Basilio,abasiliocu@google.ca,Female,11801,1ARSR30PA3,2018-11-23T20:47:48
464,Luis,Yandell,lyandellcv@ucoz.com,Male,62-641,6QUQKBXKI9,2018-12-10T11:06:12
465,Cookie,Harmeston,charmestoncw@google.pl,Female,17007,186G2DIHIS,2018-11-10T05:38:37
466,Marijo,Lippiatt,mlippiattcx@networkadvertising.org,Female,,ZQHPGDD8NG,2019-01-29T15:39:03
467,Montgomery,Hollyland,mhollylandcy@trellian.com,Male,10430,CL5350SIWP,2018-11-01T09:35:51
468,Maurene,Caswall,mcaswallcz@yahoo.co.jp,Female,,SM1NYQ275W,2019-02-07T23:04:48
469,Denyse,Aldwich,daldwichd0@simplemachines.org,Female,,K1WAAFTT43,2018-11-11T05:16:43
470,Sherri,Littrell,slittrelld1@zdnet.com,Female,,RPQEL75TIP,2019-01-23T07:33:28
471,Garv,Parbrook,gparbrookd2@hugedomains.com,Male,,SET1SD1MNZ,2019-01-18T11:20:42
472,Tristam,Anthiftle,tanthiftled3@blogger.com,Male,7119,GQ8H1MPX5B,2019-03-15T13:25:38
473,Worden,Wingatt,wwingattd4@ftc.gov,Male,,LJ3K9E7F0B,2019-02-27T23:46:09
474,Dexter,Bridgett,dbridgettd5@fotki.com,Male,62-430,9TPS8P0V6G,2019-03-15T01:07:41
475,Eldin,Worboys,eworboysd6@blog.com,Male,57509 CEDEX,O5YA3FS1P3,2019-01-17T10:20:22
476,Ilario,Duchatel,iduchateld7@google.co.jp,Male,,VSVCL26QA7,2019-01-22T01:19:11
477,Baxter,Vescovini,bvescovinid8@psu.edu,Male,,BZW5YM7I0J,2019-02-14T19:01:06
478,Darline,Haquin,dhaquind9@answers.com,Female,,OZZKHH7B9J,2018-11-04T05:44:18
479,Belvia,Ewings,bewingsda@seesaa.net,Female,163 41,7U307QVML6,2018-11-30T16:16:11
480,Adelheid,Downing,adowningdb@diigo.com,Female,25000-000,SIIQGCBUDL,2018-12-21T21:13:51
481,Taite,Gregon,tgregondc@wufoo.com,Male,3633,H3LQWG6WYS,2018-12-12T21:30:42
482,Dirk,Stone Fewings,dstonefewingsdd@usatoday.com,Male,,6AUP3AI32N,2019-02-05T03:10:45
483,Nollie,Duggan,nduggande@sourceforge.net,Male,,GJ5Z9R6T4S,2019-03-07T22:55:17
484,Ryun,Vuitte,rvuittedf@nbcnews.com,Male,,22VGUSF708,2018-11-24T17:40:48
485,Tait,Lindstrom,tlindstromdg@samsung.com,Male,,PLUE9Q7OV1,2019-02-23T06:04:41
486,Ogdon,Stormouth,ostormouthdh@webmd.com,Male,92119 CEDEX,I2C7209PUV,2019-01-08T13:13:44
487,Tatum,Misk,tmiskdi@meetup.com,Female,02114,AM88JA9AMN,2019-02-19T13:05:25
488,Kerwin,Geely,kgeelydj@sakura.ne.jp,Male,,YLQ712P4BR,2018-12-19T19:59:15
489,Jolyn,Hambelton,jhambeltondk@g.co,Female,,I3G9SNPH7X,2019-03-08T10:25:44
490,Caitlin,Kohen,ckohendl@ask.com,Female,,CTGYE1HQH7,2019-03-21T18:01:27
491,Randy,Gaytor,rgaytordm@taobao.com,Female,8655,ULJ21WX1PB,2019-01-20T01:34:26
492,Adan,Albutt,aalbuttdn@netscape.com,Female,,E5FDXYFLW0,2019-03-22T10:28:20
493,Phip,Pavett,ppavettdo@oaic.gov.au,Male,,GW59KD5CV3,2019-03-16T15:17:18
494,Kizzie,Sex,ksexdp@google.co.uk,Female,66617,NMDH7EVW8D,2018-12-19T03:25:45
495,Christal,Castagnet,ccastagnetdq@shop-pro.jp,Female,22559,ILB5CMSNEN,2019-03-22T14:19:09
496,Van,Gerrett,vgerrettdr@facebook.com,Male,,ASCIHAWWWD,2019-01-09T08:20:06
497,Trisha,MacCaughey,tmaccaugheyds@hexun.com,Female,195069,T6DFZKWU56,2019-02-24T04:24:23
498,Vanny,Huygens,vhuygensdt@com.com,Female,0371,9HNVI8R3US,2018-11-24T18:58:38
499,Dorine,Friese,dfriesedu@sciencedaily.com,Female,34308,B2LV2546S8,2019-03-08T22:27:52
500,Stafford,Weekley,sweekleydv@cornell.edu,Male,,BVPNXFZ3AF,2019-02-27T18:19:24
501,Camile,Iacofo,ciacofodw@photobucket.com,Female,,9F7NQ0XZ5B,2019-03-12T17:29:18
502,Dennet,Form,dformdx@123-reg.co.uk,Male,9261,G0RUUYGZC8,2018-11-18T21:02:23
503,Blithe,Fearneley,bfearneleydy@sourceforge.net,Female,,AKX8EJXJYJ,2019-01-26T02:17:40
504,Daniela,Peppard,dpepparddz@amazon.de,Female,,GYEH03RT1A,2018-12-28T16:23:47
505,Thorstein,Margach,tmargache0@over-blog.com,Male,,APMY7MZMAF,2018-11-07T03:08:40
506,Berk,Strange,bstrangee1@cbslocal.com,Male,,WBLQEQD7R1,2018-10-25T13:13:33
507,Elfrieda,Assender,eassendere2@mysql.com,Female,26360,6YC7ICY1V1,2018-10-31T19:26:27
508,Oralla,Clowney,oclowneye3@amazon.de,Female,,LLJ7G5A6B7,2019-02-23T08:55:29
509,Rab,Haresnape,rharesnapee4@archive.org,Male,7960-115,NJ1H57122M,2019-03-12T08:39:01
510,Misti,Greenlees,mgreenleese5@ustream.tv,Female,40101,Y2WZ58UPTJ,2019-01-06T18:04:15
511,Clotilda,Grieger,cgriegere6@over-blog.com,Female,623075,GNZQV1N8WP,2019-03-04T07:45:54
512,Gregorio,Larchiere,glarchieree7@goo.gl,Male,,LG67MB3YVH,2018-11-07T16:16:48
513,Stillmann,Skitterel,sskitterele8@huffingtonpost.com,Male,170 77,9IKCMASFD5,2018-10-26T00:06:29
514,Fanny,Guidoni,fguidonie9@spotify.com,Female,5109,K2MTWXSASL,2018-11-22T10:00:28
515,Harcourt,Geraud,hgeraudea@ning.com,Male,93170,4D2SCIRBBC,2019-03-10T01:29:49
516,Mathew,Radenhurst,mradenhursteb@pcworld.com,Male,391 33,G19P0MED8A,2019-01-21T17:29:37
517,Rocky,Coston,rcostonec@spiegel.de,Male,,R7MJDBQA9I,2019-02-22T16:33:19
518,Vincent,Vautre,vvautreed@4shared.com,Male,,2PKD3UKTFW,2019-03-07T08:59:46
519,Daisey,McKeown,dmckeownee@mtv.com,Female,2665-105,XRDK5FNRIB,2018-11-02T02:49:22
520,Ward,Devo,wdevoef@163.com,Male,,6GT0BYCPC6,2018-12-15T11:37:43
521,Levi,Camblin,lcamblineg@yellowpages.com,Male,,63DUVO4PFX,2019-03-13T23:25:25
522,Smith,Armitage,sarmitageeh@prweb.com,Male,,RIW8OU0YVY,2018-11-29T20:22:50
523,Errick,Aldington,ealdingtonei@sciencedirect.com,Male,,RET4AZL2UH,2019-01-01T04:08:27
524,Karlene,Dallon,kdallonej@nba.com,Female,,ON7DVHZY25,2019-01-08T03:29:03
525,Clarinda,Sottell,csottellek@wisc.edu,Female,,OL152X9RBM,2019-01-04T09:23:20
526,Hort,Haddrill,hhaddrillel@i2i.jp,Male,,Z067BT6BP0,2019-03-13T01:46:32
527,Joyann,Athowe,jathoweem@bigcartel.com,Female,659780,ET7SE0KR9O,2018-12-30T03:00:07
528,Suzanna,Ison,sisonen@lycos.com,Female,,EKWB4Y7325,2018-12-20T08:11:04
529,Aleda,Juanes,ajuaneseo@toplist.cz,Female,,WFPG10QHW1,2018-11-25T19:52:05
530,Agnola,Kinsella,akinsellaep@wiley.com,Female,,6QIYPCE6O3,2019-01-27T22:28:48
531,Rica,Sindall,rsindalleq@altervista.org,Female,,DJ6ADDZKSU,2018-10-29T14:05:43
532,Elana,Wedmore,ewedmoreer@google.fr,Female,18320-000,BQDHPJND5J,2018-12-06T06:21:21
533,Bentley,Copnar,bcopnares@aol.com,Male,,13O1MBKFFR,2019-03-12T22:32:49
534,Deana,Borrott,dborrottet@prlog.org,Female,40330,JVUHJN7F2W,2019-03-01T16:50:44
535,Bancroft,Santostefano.,bsantostefanoeu@cargocollective.com,Male,58-580,8GM7YQTCPT,2019-01-09T14:43:18
536,Gilly,Segar,gsegarev@latimes.com,Female,,OWBTEV12VA,2019-01-01T08:57:41
537,Teena,Vevers,tveversew@altervista.org,Female,,8BKJULYEHP,2019-02-22T06:58:43
538,Rees,Hamlet,rhamletex@netlog.com,Male,,R4CCEG21CB,2019-02-08T22:41:45
539,Giffie,Grier,ggrierey@privacy.gov.au,Male,,9VEPXP42M0,2018-12-14T17:10:38
540,Kamila,Rutherfoord,krutherfoordez@thetimes.co.uk,Female,,Q4Y0M3J70E,2018-11-07T10:12:38
541,Augie,Boulton,aboultonf0@multiply.com,Male,675 26,JDDQDI2QP0,2018-12-03T08:16:49
542,Gay,Frazier,gfrazierf1@tinyurl.com,Female,301649,4BE6M4X2OM,2018-12-31T16:22:36
543,Barron,Kilmaster,bkilmasterf2@acquirethisname.com,Male,21322,NMRJ5A272W,2018-11-23T00:18:51
544,Melany,Armal,marmalf3@timesonline.co.uk,Female,,AJG96Z6K8T,2018-10-30T06:55:38
545,Hogan,Connikie,hconnikief4@intel.com,Male,1315,X4KBNAQ9T7,2019-03-09T22:54:09
546,Benjy,Batteson,bbattesonf5@google.com,Male,,RKF1F6SW48,2019-01-29T18:07:08
547,Wakefield,Droogan,wdrooganf6@friendfeed.com,Male,,YM75OG5ECB,2018-11-23T04:58:56
548,Ulrick,Mc Grath,umcgrathf7@github.io,Male,171 05,4UB4O21M0M,2018-11-20T00:36:58
549,Halimeda,Reddish,hreddishf8@columbia.edu,Female,,9VVORD6HQL,2018-12-02T23:05:02
550,Charil,Waples,cwaplesf9@youku.com,Female,,8GEE9Y4UNY,2018-11-05T12:30:40
551,Justus,Kynder,jkynderfa@fastcompany.com,Male,3700-819,6E9JB7NKFY,2018-11-12T01:23:57
552,Francis,Phelips,fphelipsfb@dyndns.org,Male,407 25,5M8YMWO95H,2019-02-26T03:12:34
553,Sauncho,Siberry,ssiberryfc@clickbank.net,Male,452141,BO6UIDTZ7U,2019-03-10T05:52:12
554,Nicolais,Berks,nberksfd@youtu.be,Male,,EHNWRKQA4Q,2018-11-23T05:44:26
555,Marybeth,MacGuffie,mmacguffiefe@scribd.com,Female,,U6OIPFRYT3,2019-02-22T01:47:06
556,Pennie,Goaks,pgoaksff@pagesperso-orange.fr,Male,4690-580,U3GO4MB2KK,2018-11-27T10:20:45
557,Micah,Bazylets,mbazyletsfg@craigslist.org,Male,,OXLJZGMF6N,2019-02-08T18:09:37
558,Casey,Tick,ctickfh@barnesandnoble.com,Male,,PP4JAN7G43,2019-02-02T16:48:27
559,Woodman,Kield,wkieldfi@cam.ac.uk,Male,,BPG5O2RHGK,2019-01-03T03:21:11
560,Gaile,Wells,gwellsfj@ustream.tv,Male,,OO2LEWULPG,2019-01-11T21:27:16
561,Darci,Clemintoni,dclemintonifk@seattletimes.com,Female,11807,TK9K0BO93N,2019-01-21T08:47:41
562,Rozella,Ledbury,rledburyfl@wisc.edu,Female,95650-000,5R8EJ8OIP4,2019-03-11T17:03:54
563,Carter,McDuffie,cmcduffiefm@about.me,Male,,MP9VPO3USO,2019-02-06T02:07:30
564,Lucy,Essex,lessexfn@boston.com,Female,6583,4T11JB1X1T,2019-01-13T18:39:19
565,Parry,Greenacre,pgreenacrefo@reddit.com,Male,44200-000,23AF3AOFUN,2018-10-28T16:23:53
566,Willem,Dray,wdrayfp@answers.com,Male,,QF7MU05YP9,2018-12-15T00:56:22
567,Brnaby,Brace,bbracefq@moonfruit.com,Male,,4ZO4KE0Z09,2018-12-17T15:50:22
568,Fey,Shorton,fshortonfr@comcast.net,Female,,HA2XKX7LPP,2019-02-09T03:24:33
569,Frieda,Ekell,fekellfs@123-reg.co.uk,Female,89102 CEDEX,0BBSPNL3PN,2018-11-21T22:52:54
570,Tobiah,Caslett,tcaslettft@exblog.jp,Male,,ARZCXUDVF5,2019-03-06T23:56:29
571,Roxanne,Ruberry,rruberryfu@twitter.com,Female,,XIQGURKF9K,2019-02-15T09:47:49
572,Reider,Ashtonhurst,rashtonhurstfv@homestead.com,Male,,EJRA4R0GTS,2019-02-15T21:44:37
573,Jami,McQuarrie,jmcquarriefw@booking.com,Female,,RRG7E4KI8X,2019-03-09T19:31:49
574,Greggory,Gniewosz,ggniewoszfx@reddit.com,Male,,BVF8LO7TMD,2019-03-15T18:03:07
575,Delores,Bergin,dberginfy@hatena.ne.jp,Female,,A969F1HD8G,2018-11-24T10:47:38
576,Orelia,Hatherleigh,ohatherleighfz@biblegateway.com,Female,3530,XCUIFLWTD8,2018-11-09T22:59:59
577,Pavel,Cherrett,pcherrettg0@dell.com,Male,,PVEAR5IHS7,2019-02-08T18:12:56
578,Lolita,Cordaroy,lcordaroyg1@prnewswire.com,Female,,HGP65BG0QJ,2019-01-31T19:53:41
579,Jolene,Jodlkowski,jjodlkowskig2@icio.us,Female,6224,VIBPJZ88QI,2018-12-14T08:18:29
580,Archie,Whyley,awhyleyg3@latimes.com,Male,,SAW2CPLCGI,2018-11-18T11:31:55
581,Dre,Meller,dmellerg4@bbc.co.uk,Female,,FRJWZW5P1Q,2019-02-23T12:08:16
582,Malissia,Victoria,mvictoriag5@blogger.com,Female,07000-000,S7DPA9N2KR,2019-01-29T03:02:35
583,Cobbie,Simeons,csimeonsg6@goodreads.com,Male,03006 CEDEX,HHW401GZI6,2018-11-01T21:21:39
584,Tanney,Farlham,tfarlhamg7@cmu.edu,Male,,91O4X2J6CV,2019-03-05T14:20:35
585,Willie,Gore,wgoreg8@prnewswire.com,Male,40515,PG8YL2CMDP,2018-12-07T03:37:43
586,Jacquie,Barden,jbardeng9@earthlink.net,Female,142143,A7E1ECUC57,2019-02-07T00:02:04
587,Gleda,Claesens,gclaesensga@chron.com,Female,3158,SFF4J3F8XE,2019-01-02T07:38:56
588,Clywd,Normanvill,cnormanvillgb@goo.gl,Male,7109,WFDSF08SUF,2019-01-17T10:28:48
589,Birdie,Eaken,beakengc@ocn.ne.jp,Female,,MZBX9UEX9Y,2018-11-04T19:25:01
590,Muffin,Meysham,mmeyshamgd@dagondesign.com,Female,,K5YI9B7R45,2018-12-22T15:57:13
591,Janelle,Baiden,jbaidenge@chronoengine.com,Female,,HF81SIDYPF,2019-03-22T07:06:38
592,Devlen,Buzza,dbuzzagf@ycombinator.com,Male,617110,M3QXECUUX0,2018-11-13T16:59:03
593,Philip,Das,pdasgg@amazonaws.com,Male,,L1986B8EWW,2018-11-20T16:37:19
594,Lilith,Kytley,lkytleygh@techcrunch.com,Female,9021,TGN70YXMKA,2019-02-06T15:48:42
595,Charlton,Matusovsky,cmatusovskygi@hud.gov,Male,,JRF5PIDIX7,2019-02-20T12:32:39
596,Skye,Imlacke,simlackegj@cdbaby.com,Male,,XOGRAJ3FZQ,2018-12-04T16:31:34
597,Kendall,Ragles,kraglesgk@spiegel.de,Male,,GH6BX91K56,2019-01-31T19:54:47
598,Emmaline,Bealing,ebealinggl@51.la,Female,86990-000,VUHR0VAJY8,2019-01-12T06:52:10
599,Rafael,Briatt,rbriattgm@army.mil,Male,,9P85C4Z4N2,2019-01-23T03:19:07
600,Ronny,Moralee,rmoraleegn@newsvine.com,Female,,XJBWYS01RT,2019-01-11T01:22:37
601,Obediah,Graundisson,ograundissongo@friendfeed.com,Male,,265P6WLLDR,2019-02-17T05:03:13
602,Chrisy,Bes,cbesgp@printfriendly.com,Male,257 01,ETM3V4638B,2019-03-07T18:18:55
603,Marlo,Lakey,mlakeygq@java.com,Male,,Z8X77C4U1V,2018-12-03T11:30:02
604,Chicky,Scherme,cschermegr@taobao.com,Female,,M17AUC61TG,2019-01-19T11:55:10
605,Audrie,Peyton,apeytongs@si.edu,Female,679 61,3I6AHSMX8H,2018-12-11T23:02:09
606,Egor,Goodreid,egoodreidgt@yahoo.com,Male,,PS18958EFQ,2018-12-03T04:50:48
607,Jeremy,Furber,jfurbergu@blogtalkradio.com,Male,6444,EV4YWQYMBD,2018-10-30T21:31:51
608,Cherice,Delhay,cdelhaygv@merriam-webster.com,Female,,OAGXVWULDB,2018-11-29T16:52:10
609,Justen,Gifkins,jgifkinsgw@usgs.gov,Male,617191,21RJU8A8J1,2018-12-21T05:30:30
610,Webb,Peeter,wpeetergx@cpanel.net,Male,,TUKJE2SQHZ,2018-10-27T14:07:28
611,Nataline,Mosedale,nmosedalegy@gravatar.com,Female,,ZVFJQVJOTB,2019-01-04T03:30:16
612,Myrna,Grissett,mgrissettgz@xinhuanet.com,Female,,H82AT4FT8I,2019-03-09T11:21:01
613,Hillie,Knapton,hknaptonh0@shop-pro.jp,Male,,B8IPFCF7HZ,2019-01-23T06:27:12
614,Darell,Pinare,dpinareh1@archive.org,Female,93828,TJQENDYB8N,2018-12-21T04:30:53
615,Delilah,Giddy,dgiddyh2@gmpg.org,Female,L7E,RJLZL49XYG,2019-01-30T05:33:58
616,Delinda,Steed,dsteedh3@webmd.com,Female,3716,ZDE3N4BOB4,2019-03-04T01:01:36
617,Tasia,Parmby,tparmbyh4@cbslocal.com,Female,42021 CEDEX 1,6G4W7XB3PI,2018-12-12T14:24:24
618,Junette,Dulieu,jdulieuh5@cafepress.com,Female,,S4FHT3OCIR,2018-12-14T08:08:41
619,Yank,Origin,yoriginh6@shinystat.com,Male,,I6XI6GQEML,2018-11-25T14:03:13
620,Grayce,Puleque,gpulequeh7@statcounter.com,Female,,8MEJW99GEU,2019-02-28T13:53:56
621,Darrin,Denkel,ddenkelh8@rambler.ru,Male,,Y2NQSU93TF,2019-01-10T20:29:23
622,Bev,Alishoner,balishonerh9@squidoo.com,Female,,61WSD26CCE,2018-12-22T17:20:20
623,Jillian,Sagar,jsagarha@china.com.cn,Female,44-145,0DRQ3QED82,2018-12-28T12:28:58
624,Jo-ann,Killshaw,jkillshawhb@tripadvisor.com,Female,,A4TBAVN81X,2019-03-15T22:36:53
625,Rodrick,Jacobowits,rjacobowitshc@stumbleupon.com,Male,,OW6N7AJ2KY,2018-12-07T13:39:19
626,Georges,Marini,gmarinihd@acquirethisname.com,Male,5602,HCEM2ZJG4A,2018-10-30T15:17:06
627,Jeanne,Andrzejowski,jandrzejowskihe@w3.org,Female,372 34,QEHOIXE6K1,2019-02-02T07:45:14
628,Alfredo,Lovelady,aloveladyhf@nature.com,Male,Y34,HKEFID3KV3,2019-01-09T00:33:49
629,Olivia,Warrington,owarringtonhg@adobe.com,Female,157008,H51Q41W3KQ,2018-11-21T14:16:24
630,Travis,Roback,trobackhh@soundcloud.com,Male,,YHOKNJWFCJ,2019-03-19T03:38:41
631,Aeriela,Hamnet,ahamnethi@house.gov,Female,93321 CEDEX,PCGXJSV2AN,2019-03-17T02:58:44
632,Sandye,Thomasset,sthomassethj@google.com.hk,Female,95-016,6VY9QUH9T3,2018-11-23T12:31:05
633,Belicia,Chaldecott,bchaldecotthk@kickstarter.com,Female,4329,OGPJ76EFV3,2018-11-06T04:55:07
634,Gan,Speenden,gspeendenhl@soundcloud.com,Male,,65L56X9IJ0,2019-02-07T07:08:34
635,Kristoforo,Ruperti,krupertihm@themeforest.net,Male,TF6,68BEIYZ3AG,2018-11-22T18:00:38
636,Wren,Bould,wbouldhn@ehow.com,Female,,LD738KES8V,2019-03-19T14:22:31
637,Thia,Vader,tvaderho@vkontakte.ru,Female,30910 CEDEX 2,N8K5VHG2WT,2019-01-18T21:28:53
638,Libbi,McAuslan,lmcauslanhp@guardian.co.uk,Female,,GR24YDWD3I,2018-12-05T13:12:11
639,Raphaela,Macklin,rmacklinhq@biglobe.ne.jp,Female,,H0CU593SFY,2018-11-09T07:50:04
640,Tallia,Pullinger,tpullingerhr@epa.gov,Female,,DB6YBVTAZN,2019-01-07T22:57:37
641,Flin,Hainge,fhaingehs@intel.com,Male,675 01,5ZWZNLA16N,2018-12-13T10:59:17
642,Mahala,Clayworth,mclayworthht@dailymotion.com,Female,,LJBQAYNSEX,2018-12-05T11:58:57
643,Winifield,Hanbury-Brown,whanburybrownhu@merriam-webster.com,Male,,UIXVD877OA,2018-11-29T12:38:17
644,Roma,Becks,rbeckshv@slashdot.org,Male,,E18I79AR7Y,2019-01-17T02:43:11
645,Emylee,Dyte,edytehw@liveinternet.ru,Female,65590-000,RAL8HAMTIW,2019-02-07T05:56:37
646,Jasmina,Everson,jeversonhx@nature.com,Female,,TFEJSR5T75,2019-01-25T10:50:22
647,Fancy,Boffey,fboffeyhy@themeforest.net,Female,,2P2OC39BRV,2019-02-20T20:18:08
648,Bette,Honniebal,bhonniebalhz@chicagotribune.com,Female,,GRJ3OF4KMB,2018-12-12T08:20:08
649,Janel,Hellewell,jhellewelli0@imageshack.us,Female,36104 CEDEX,SJRXG0M7T9,2019-03-05T17:31:04
650,Johnny,Tudball,jtudballi1@bluehost.com,Male,20-282,BXK5T4WSJP,2019-02-12T16:57:52
651,Billy,Haxley,bhaxleyi2@51.la,Male,6904,OAUYHAV8CK,2019-01-01T17:38:51
652,Alexine,Domerque,adomerquei3@gizmodo.com,Female,901 02,E3RXFDO7SY,2018-11-17T00:44:25
653,Letty,Addionisio,laddionisioi4@walmart.com,Female,,9K32GG91RD,2019-02-14T23:11:38
654,Tammie,Evetts,tevettsi5@instagram.com,Female,,OQ4HUNE5KP,2018-12-28T00:12:30
655,Kimberlyn,McGonigle,kmcgoniglei6@mtv.com,Female,38161,OC6KIXTTO2,2018-12-18T18:25:16
656,Melly,Horsley,mhorsleyi7@ehow.com,Female,79632,4OS6493NKX,2019-01-23T04:55:15
657,Hamid,Mulford,hmulfordi8@newsvine.com,Male,,AWFBN4HUIT,2019-02-21T23:42:50
658,Alfred,Jump,ajumpi9@prlog.org,Male,05-831,BDDZ8AV35P,2019-02-19T04:07:20
659,Olympe,Dow,odowia@mtv.com,Female,2380-638,MXRN7MTRM4,2019-01-01T22:50:36
660,Humfried,Burtonshaw,hburtonshawib@howstuffworks.com,Male,,3E0IO60DIE,2018-12-19T00:13:30
661,Glenda,Aisthorpe,gaisthorpeic@japanpost.jp,Female,891 25,4YXHO8L3HN,2019-01-19T04:49:36
662,Casey,Hazelgreave,chazelgreaveid@ihg.com,Male,6600,7ZNY5GJG2U,2019-01-01T04:11:47
663,Kandace,Whitnell,kwhitnellie@ocn.ne.jp,Female,,R6XDJPPKY9,2018-12-18T10:36:10
664,Alfi,Wason,awasonif@yellowpages.com,Female,,XRKY0R3DBM,2018-11-03T13:41:45
665,Dimitry,Antoshin,dantoshinig@hp.com,Male,,2RPEY46E4E,2018-12-23T01:04:44
666,Charley,Adel,cadelih@hao123.com,Male,,FQ6FBTOSIV,2019-03-11T07:02:33
667,Marvin,Heffron,mheffronii@123-reg.co.uk,Male,,M7TZ35HX4I,2019-03-10T15:10:10
668,Georgy,Workes,gworkesij@printfriendly.com,Male,13720-000,V1JZQ2V7X2,2018-11-30T05:49:05
669,Stanislas,Akeherst,sakeherstik@vimeo.com,Male,369-0137,UJUD0AYDJL,2018-11-10T12:15:42
670,Shepard,Kiddey,skiddeyil@fema.gov,Male,,H5V99AXWI1,2019-01-10T10:57:03
671,Andrey,McCurtain,amccurtainim@prweb.com,Male,B3T,U2XMQ825MV,2018-11-25T12:02:00
672,Josselyn,Renn,jrennin@reverbnation.com,Female,53009 CEDEX,I7JDOHTE2Z,2019-02-08T05:57:59
673,Lyda,Lyste,llysteio@etsy.com,Female,,HZ9GRISWYU,2019-02-10T17:42:02
674,Werner,Rhodes,wrhodesip@nsw.gov.au,Male,33-163,5ZZL2Z41NT,2019-02-10T03:23:53
675,Bliss,MacEllen,bmacelleniq@biglobe.ne.jp,Female,,O3HWHMKMTY,2019-01-22T11:15:20
676,Matthus,Mary,mmaryir@bluehost.com,Male,,7UU4M0AJ2W,2018-12-05T21:24:56
677,Harrietta,Spellessy,hspellessyis@yale.edu,Female,,7HVWA8ALYF,2018-11-14T03:54:18
678,Russ,Eglaise,reglaiseit@patch.com,Male,,O9ODXUHTNY,2018-11-26T20:11:12
679,Corty,Goalby,cgoalbyiu@cdc.gov,Male,,1KA5QN80JP,2018-11-22T16:28:09
680,Thorvald,Lammerts,tlammertsiv@vinaora.com,Male,1685-141,81132L9RK3,2019-01-26T08:12:28
681,Thurstan,Newsham,tnewshamiw@upenn.edu,Male,7200-252,05QRPQNX1A,2018-11-08T07:29:20
682,Gibby,Joselovitch,gjoselovitchix@photobucket.com,Male,,U8ABNMPP9T,2019-02-18T21:55:19
683,Allister,Fryd,afrydiy@examiner.com,Male,,B8RCMGOCQN,2019-01-31T14:27:59
684,Cesar,Labeuil,clabeuiliz@cafepress.com,Male,11205,4G577N413U,2018-12-23T06:18:38
685,Shannon,Detloff,sdetloffj0@rediff.com,Male,,O38JVC2W9N,2019-02-08T22:47:18
686,Mannie,Wakley,mwakleyj1@paypal.com,Male,,5K3XZZP59N,2019-02-07T12:56:02
687,Granville,Aberdalgy,gaberdalgyj2@addtoany.com,Male,2955-004,3TKF3NTWRB,2019-01-30T07:07:43
688,Stephanus,Lesmonde,slesmondej3@taobao.com,Male,,JZYT74923D,2019-01-13T17:36:56
689,Nadean,Loiterton,nloitertonj4@npr.org,Female,,PQGTO2UMKY,2018-11-18T05:29:05
690,Norby,Dekeyser,ndekeyserj5@last.fm,Male,,GOV9PFC6W5,2019-03-16T15:45:52
691,Hilton,Nichols,hnicholsj6@abc.net.au,Male,,CU7GHDJV3U,2019-01-01T20:31:57
692,Donal,Mariotte,dmariottej7@ucoz.ru,Male,,Q1QV1TJRNY,2019-02-18T00:54:00
693,Lolita,Alban,lalbanj8@yellowpages.com,Female,,WYV3MD5WEH,2019-03-07T08:58:22
694,Meridel,Branno,mbrannoj9@mac.com,Female,59112,LZOHVUS0NI,2019-02-25T04:15:01
695,Kipp,Hawthorne,khawthorneja@ask.com,Male,,BVGULLD5NU,2019-02-09T08:10:32
696,Evie,Twomey,etwomeyjb@facebook.com,Female,24-340,S3KGQ72IQK,2018-11-02T19:54:30
697,Evvy,Gai,egaijc@csmonitor.com,Female,981 22,ZKUFP720GM,2018-12-14T07:30:25
698,Ruperta,Joselson,rjoselsonjd@imageshack.us,Female,,C5NN5ANHYU,2018-10-28T00:02:42
699,Kellina,Laudham,klaudhamje@yahoo.com,Female,,WZCVIAQMLH,2019-02-14T23:24:38
700,Bernice,Hynard,bhynardjf@creativecommons.org,Female,4805-358,XC9AU2YHN6,2019-03-04T01:54:32
701,Josee,Pickering,jpickeringjg@cnn.com,Female,5413,LQW5V8WN1C,2019-02-05T03:04:41
702,Maria,Emburey,membureyjh@reference.com,Female,,0K2PGMEA41,2018-11-23T18:11:15
703,Kendell,Raffeorty,kraffeortyji@bbb.org,Male,,6BB4HI05G9,2019-03-16T19:41:25
704,Bing,Milnes,bmilnesjj@nbcnews.com,Male,,DBHHCZTK38,2018-12-04T05:51:22
705,Janessa,Joinsey,jjoinseyjk@smugmug.com,Female,3126,LGI0FHLPUD,2018-12-06T18:05:55
706,Reese,Zettoi,rzettoijl@scribd.com,Male,613594,9I1TCBERX3,2018-10-29T02:22:57
707,Norina,Petrolli,npetrollijm@1688.com,Female,1106,C8NMN58KBP,2018-12-09T08:41:05
708,Barnie,Rigard,brigardjn@hostgator.com,Male,,4T96K7AKVO,2018-11-07T11:42:54
709,Blondie,Povey,bpoveyjo@bloglovin.com,Female,,TOTH8CDP7H,2018-11-15T20:46:50
710,Mario,Napoleon,mnapoleonjp@msn.com,Male,5317,QBOUZ0OTFJ,2018-12-02T16:28:00
711,Rodolph,Fritschmann,rfritschmannjq@github.com,Male,6311,ZLTGN0AIUQ,2019-02-21T18:42:22
712,Clerc,Harner,charnerjr@blinklist.com,Male,1444,0KOC5YSWST,2018-10-30T13:51:32
713,Ely,Meece,emeecejs@gov.uk,Male,,FKVLJ8W256,2019-01-07T04:31:13
714,Bruce,Iannuzzi,biannuzzijt@biglobe.ne.jp,Male,56-122,NE49DOGSTK,2019-01-11T11:27:00
715,Ira,Gibson,igibsonju@stumbleupon.com,Male,47253,2AF4A8516T,2019-02-15T01:45:55
716,Orion,Kraut,okrautjv@stanford.edu,Male,,ERCYZOHQQF,2018-11-26T01:15:05
717,Edie,Muncer,emuncerjw@harvard.edu,Female,198804,B3CZOSWMPL,2019-01-01T02:51:30
718,Tim,Garmons,tgarmonsjx@icq.com,Male,77305,78DLXQEH0B,2018-11-11T06:54:07
719,Inglebert,Mattiassi,imattiassijy@zimbio.com,Male,,G9YA7ZZVZS,2019-01-05T15:16:22
720,Antoine,Cantos,acantosjz@arizona.edu,Male,,CODWAA8LQ1,2019-03-15T03:01:39
721,Vidovik,Stephens,vstephensk0@usa.gov,Male,,QNEIECOV9O,2019-03-22T16:38:13
722,Kingsly,Braybrookes,kbraybrookesk1@goo.ne.jp,Male,732048,OQND5QWISA,2019-01-14T09:23:11
723,Carter,Maingot,cmaingotk2@mtv.com,Male,,GER7YO2YA2,2019-01-28T19:04:43
724,Maggi,Glencros,mglencrosk3@ocn.ne.jp,Female,,67RW1T8HSC,2018-11-16T07:41:46
725,Adina,De Mattia,ademattiak4@163.com,Female,,630WP15UWQ,2018-10-30T16:31:44
726,Mano,Loudwell,mloudwellk5@tuttocitta.it,Male,,CICSQPBFGS,2018-12-11T01:58:49
727,Kitty,Keat,kkeatk6@baidu.com,Female,,E0SX3RPMU9,2019-01-01T04:47:09
728,Judi,Lanon,jlanonk7@1688.com,Female,,OZHR9VJB43,2019-02-25T16:22:01
729,Jasmina,Porker,jporkerk8@topsy.com,Female,,TGPM6BVYJL,2019-01-07T16:23:43
730,Brook,Grissett,bgrissettk9@squarespace.com,Male,,UFSSXI5ZO6,2018-12-08T10:45:45
731,Bettina,Foxhall,bfoxhallka@chicagotribune.com,Female,,15AV7E1GE0,2019-01-31T21:20:15
732,Michaella,Anfosso,manfossokb@zdnet.com,Female,L-3377,7O0HAH2BOP,2019-01-11T04:29:00
733,Jerrold,Domico,jdomicokc@japanpost.jp,Male,301420,CRLV0MASE3,2019-01-15T20:59:58
734,Giffard,Habeshaw,ghabeshawkd@ed.gov,Male,393925,KYRJB1YYT0,2018-11-14T19:31:40
735,Kelci,Ragge,kraggeke@wordpress.org,Female,32575,3AWXWPLBE9,2019-01-27T06:07:54
736,Pavel,Allridge,pallridgekf@chron.com,Male,2971,MLTN9L29MT,2018-12-01T22:54:06
737,Arlyne,Calabry,acalabrykg@reddit.com,Female,,GJLEM05FM4,2019-02-14T00:22:00
738,Glen,Gadie,ggadiekh@moonfruit.com,Female,,CRA5Q15QKU,2019-02-15T19:00:23
739,Ingelbert,Avraham,iavrahamki@icq.com,Male,,KCN2LY8TNE,2019-01-07T16:37:07
740,Ruddie,Farrent,rfarrentkj@columbia.edu,Male,60433,FVXHG7PZM2,2019-02-15T18:44:03
741,Scotty,Wyldbore,swyldborekk@yellowbook.com,Male,,UOPN32BCGR,2018-11-23T23:37:56
742,Jaime,Succamore,jsuccamorekl@smh.com.au,Female,D17,AMH273I356,2018-12-01T03:19:05
743,Melisande,Hatley,mhatleykm@123-reg.co.uk,Female,1106,1KPE6PQNHI,2018-11-18T15:37:27
744,Alexis,Woollcott,awoollcottkn@mac.com,Female,,XZ7VJMXEUW,2018-12-18T21:14:15
745,Iris,Ben-Aharon,ibenaharonko@cafepress.com,Female,,SK9ICOJIJB,2019-03-08T00:19:11
746,Sherlock,Gunston,sgunstonkp@digg.com,Male,,B4WC8F67GR,2019-01-01T16:08:42
747,Hurleigh,Kleinberer,hkleinbererkq@nytimes.com,Male,,5AX4XGNT5T,2019-03-14T15:22:22
748,Nolly,Meltetal,nmeltetalkr@ameblo.jp,Male,88099 CEDEX 9,GE7LJCS7ZQ,2018-11-15T14:15:14
749,Alon,Teggart,ateggartks@over-blog.com,Male,306204,JJSVQORFYF,2019-03-05T14:39:42
750,Karlis,Craisford,kcraisfordkt@phoca.cz,Male,391360,8ETPTNMF9W,2018-11-20T04:30:27
751,Sherwynd,Gwyn,sgwynku@gnu.org,Male,,CZNQBBHYRO,2018-12-11T11:31:21
752,Colline,Lovart,clovartkv@whitehouse.gov,Female,,0PAIMZR4WI,2018-12-22T18:47:40
753,Bret,Rees,breeskw@infoseek.co.jp,Male,,H94U62FVU3,2018-10-27T06:21:59
754,Hastie,Marritt,hmarrittkx@wordpress.org,Male,,CCQIIZGLQP,2018-10-25T13:38:14
755,Donall,Shropsheir,dshropsheirky@tuttocitta.it,Male,45947 CEDEX 9,MVE9TLRXHA,2019-03-12T11:12:29
756,Charmian,Ebbers,cebberskz@geocities.com,Female,F45,RFD50XT2NW,2019-02-14T14:42:15
757,Annabell,Spencelayh,aspencelayhl0@shinystat.com,Female,,15S2E0MU2A,2019-01-14T15:31:18
758,Randell,Sharer,rsharerl1@domainmarket.com,Male,452857,ZLR6O7C87A,2019-02-15T20:44:46
759,Quintin,Wolfendell,qwolfendelll2@upenn.edu,Male,61700-000,IPECS9N1VQ,2018-12-02T18:36:55
760,Allx,Plumm,aplumml3@lycos.com,Female,97340-000,1IIEGS8X7G,2019-03-19T21:11:54
761,Tani,Hilhouse,thilhousel4@desdev.cn,Female,,YM5GUV6D5N,2019-01-04T17:39:59
762,Adiana,Arthan,aarthanl5@squarespace.com,Female,4810-050,MIPFTKMOCK,2019-01-13T12:39:55
763,Towney,Cardon,tcardonl6@newyorker.com,Male,28470-000,P45UZS0OIM,2019-02-23T01:14:02
764,Burnaby,Bassil,bbassill7@sogou.com,Male,319-1559,UJDI766QE8,2019-02-01T09:52:09
765,Kermie,Langton,klangtonl8@google.com.au,Male,692327,DA2IIK4TRR,2018-12-17T02:06:42
766,Shantee,Burgwin,sburgwinl9@myspace.com,Female,,YOK96J0SUM,2018-10-28T04:52:37
767,Addia,Marchand,amarchandla@purevolume.com,Female,13390-000,9R09KXSRMR,2019-02-09T22:10:44
768,Bartel,Darbey,bdarbeylb@wisc.edu,Male,,EO091XQC13,2018-11-03T22:57:38
769,Haywood,Gatcliff,hgatclifflc@va.gov,Male,,VWEZILI6EY,2018-11-05T23:16:25
770,Dickie,Rulf,drulfld@de.vu,Male,,686IEIG3SX,2019-02-20T14:22:09
771,Caitrin,Monketon,cmonketonle@webmd.com,Female,37-112,4XZGYUH01E,2019-01-28T21:10:14
772,Ab,Tabram,atabramlf@netvibes.com,Male,,X37OE0M5DY,2018-12-03T10:19:28
773,Freddie,Rackstraw,frackstrawlg@com.com,Male,6549,E6CFBQU5WK,2019-01-20T14:57:11
774,Burty,Sokill,bsokilllh@barnesandnoble.com,Male,34-360,A0661PY7HE,2019-01-18T04:31:07
775,Genovera,Sivill,gsivillli@free.fr,Female,,WV6E8G1RBU,2019-01-01T00:44:59
776,Ganny,Evins,gevinslj@un.org,Male,,P8UJH3CQES,2018-10-30T18:16:59
777,Myer,Measey,mmeaseylk@umich.edu,Male,,TPICJTZNK9,2018-12-31T05:32:15
778,Dayle,Dukelow,ddukelowll@unesco.org,Female,,NA8FWL5FLS,2018-12-19T22:55:15
779,Titos,Oleksinski,toleksinskilm@webnode.com,Male,,8R7KE8C6H2,2018-10-26T17:02:24
780,Elmo,Basilone,ebasiloneln@gnu.org,Male,,J1ZRY11HNM,2019-02-01T22:00:36
781,Noni,Gorgler,ngorglerlo@mlb.com,Female,89066,8Y5DD03O4Q,2018-12-18T09:40:14
782,Maribel,Ballay,mballaylp@symantec.com,Female,,S0IRQV9QMZ,2018-12-06T13:33:03
783,Jarid,Ickovic,jickoviclq@wikia.com,Male,,1VFN7X07SS,2019-02-12T12:00:20
784,Bearnard,Mauvin,bmauvinlr@engadget.com,Male,,FGZ64LDIOF,2018-12-25T13:04:19
785,Freddy,Gawthrop,fgawthropls@amazon.co.uk,Male,,EYJEVPY2T6,2019-02-07T12:02:49
786,Sarajane,Coping,scopinglt@webmd.com,Female,,7O6HBGGPGJ,2018-11-02T11:38:08
787,Lani,Busson,lbussonlu@gravatar.com,Female,,301FLT5VBE,2018-11-04T20:49:23
788,Marrilee,Martignoni,mmartignonilv@time.com,Female,,36GBHMQ7J1,2018-12-12T11:23:21
789,Hamish,Dockery,hdockerylw@github.io,Male,,KXAP64O3XS,2018-11-25T22:00:00
790,Grete,Robrose,grobroselx@last.fm,Female,,I5711V7T6Q,2018-11-09T23:05:25
791,Egon,Carswell,ecarswellly@smugmug.com,Male,14109,408HQXQRPC,2018-10-30T11:48:58
792,Claybourne,Sickert,csickertlz@parallels.com,Male,,72KB5P5WXJ,2018-10-26T15:19:57
793,Mohammed,Tennant,mtennantm0@geocities.com,Male,,QTQSLN54TX,2018-11-19T17:40:29
794,Penny,Affuso,paffusom1@businessweek.com,Female,720 16,J7UE6MB58K,2019-01-01T15:23:12
795,Essie,McIlriach,emcilriachm2@spiegel.de,Female,,XC2KPTUKG4,2018-10-24T17:38:23
796,Raychel,Raikes,rraikesm3@phoca.cz,Female,,NYKWA8MPIE,2019-02-23T06:17:11
797,Gnni,Deveraux,gdeverauxm4@fema.gov,Female,,HHDJJIMSNF,2018-11-27T16:31:53
798,Kleon,McIlvenny,kmcilvennym5@ucoz.com,Male,,W35RSHLB4C,2019-01-14T22:26:12
799,Cristabel,Garmans,cgarmansm6@booking.com,Female,368557,HFLR8C8J1E,2018-12-02T13:41:56
800,Claudio,Oscroft,coscroftm7@purevolume.com,Male,77427 CEDEX 2,DNA4WH85PB,2018-11-10T19:22:05
801,Nannie,Batt,nbattm8@imdb.com,Female,,KRZAM5ADAP,2019-03-21T20:05:10
802,Murial,Reay,mreaym9@deliciousdays.com,Female,11710,54TUGF1BG0,2019-01-12T14:23:49
803,Cherish,Prebble,cprebblema@simplemachines.org,Female,462409,MBYJ9N9IP6,2018-12-12T01:31:17
804,Dwight,Briance,dbriancemb@foxnews.com,Male,,Y39ZTKY76P,2018-11-27T05:04:38
805,Merrielle,Redley,mredleymc@accuweather.com,Female,26120,X8SZXQZOYK,2019-03-22T22:59:07
806,Dulcinea,Willerson,dwillersonmd@woothemes.com,Female,,8N70HOY1U9,2019-03-10T22:46:56
807,Alard,Beedom,abeedomme@reverbnation.com,Male,5090-105,EW0MJERNS5,2018-10-28T09:21:27
808,Meyer,Enderwick,menderwickmf@boston.com,Male,5195,HXNKFUDELA,2019-03-19T09:35:33
809,Keefer,Waylen,kwaylenmg@theglobeandmail.com,Male,,DNSL5M2VMY,2019-03-09T17:26:19
810,Hanson,Divill,hdivillmh@vistaprint.com,Male,92035,90LA8HTWJG,2019-02-01T09:11:33
811,Binnie,Chipperfield,bchipperfieldmi@artisteer.com,Female,4730-300,ASAP7BW30G,2019-02-17T06:17:18
812,Meier,Mathys,mmathysmj@printfriendly.com,Male,624486,N5I3F4E0D3,2018-12-17T07:24:51
813,Yehudit,McLaggan,ymclagganmk@sbwire.com,Male,18505,W1S5OQ9QVX,2019-01-17T08:02:43
814,Elizabeth,Leppington,eleppingtonml@cloudflare.com,Female,,5E9RUFYGOP,2019-01-14T16:27:20
815,Owen,Henrys,ohenrysmm@google.co.jp,Male,,OZH9ZLMATF,2018-12-11T12:49:47
816,Garey,Grafton-Herbert,ggraftonherbertmn@barnesandnoble.com,Male,,EIBOKUJLO2,2018-12-21T07:20:19
817,Tess,Toffanini,ttoffaninimo@fastcompany.com,Female,,6U0MEP71JA,2019-03-12T07:04:34
818,Vicky,Althrope,valthropemp@washingtonpost.com,Female,13020,X5UV24PORT,2019-02-23T23:03:02
819,Fern,Aspy,faspymq@telegraph.co.uk,Female,,QVRZPPIP83,2018-12-08T07:18:21
820,Allyn,Halliburton,ahalliburtonmr@bbc.co.uk,Male,,4B1GL9AX28,2018-11-24T04:28:01
821,Salmon,Fydoe,sfydoems@dailymail.co.uk,Male,53022 CEDEX 9,ZG9I7ADVPR,2019-02-22T20:30:55
822,Vitoria,Heersma,vheersmamt@php.net,Female,16-433,FNUNPS9M2A,2018-11-23T08:56:31
823,Bale,Wohlers,bwohlersmu@google.fr,Male,,TJJN6MW8X1,2018-12-30T22:21:57
824,Bartholemy,Bellard,bbellardmv@alibaba.com,Male,9211,U9KD184YZ6,2018-12-14T09:10:57
825,Mike,Graith,mgraithmw@arizona.edu,Male,,69O25H066J,2018-11-11T20:42:39
826,Kim,Bricknell,kbricknellmx@is.gd,Male,,QNP2QIUC8Z,2018-10-28T20:46:45
827,Brana,Bownas,bbownasmy@scientificamerican.com,Female,,8XN0SNZUSD,2018-12-19T22:27:58
828,Reginald,Baitey,rbaiteymz@github.com,Male,G6B,NWTGF048R8,2018-12-12T00:01:41
829,Mort,Paszek,mpaszekn0@vinaora.com,Male,,XLIVTPVQPT,2018-12-13T19:03:27
830,Artemis,Lillicrap,alillicrapn1@51.la,Male,5048,5BRR2AUVUD,2019-03-03T11:02:32
831,Tallie,Willatt,twillattn2@g.co,Female,65000,0K517RIT78,2018-12-11T23:42:43
832,Rustin,Gurnee,rgurneen3@biglobe.ne.jp,Male,4960-320,9EYVFFURKI,2019-01-31T19:37:55
833,Demetra,Cunney,dcunneyn4@dion.ne.jp,Female,,NSIJP54G6M,2019-02-16T23:39:51
834,Chrysler,Rockwell,crockwelln5@google.com.br,Female,K9H,1EPY5V5OWJ,2018-12-20T22:20:45
835,Jobey,Yurenev,jyurenevn6@so-net.ne.jp,Female,,A5AONP304N,2018-10-27T11:38:58
836,Amanda,Selesnick,aselesnickn7@twitpic.com,Female,422396,97ZHHADO6K,2018-10-30T16:32:20
837,Jade,Samper,jsampern8@weather.com,Female,83087 CEDEX 9,YUKYAY717P,2018-12-28T19:02:51
838,Antons,Ipsley,aipsleyn9@cloudflare.com,Male,,W2WZ8X7PEZ,2018-12-15T21:13:04
839,Annadiane,Knill,aknillna@tuttocitta.it,Female,,Z3PIRZV2CE,2018-12-17T17:55:11
840,Yorgo,Rubinowitch,yrubinowitchnb@soup.io,Male,,EL6HFI7EBT,2019-02-22T12:43:54
841,Don,Lasseter,dlasseternc@tinyurl.com,Male,,4YP2KHAPNH,2018-11-19T23:45:15
842,Lucian,Simenet,lsimenetnd@g.co,Male,,1ZMVVVD5PY,2018-11-01T17:10:17
843,Tobias,Holson,tholsonne@mapy.cz,Male,,DB50W8IEC5,2019-02-20T11:54:31
844,Damian,Trevor,dtrevornf@unblog.fr,Male,607676,PALT182Q6X,2019-01-11T17:15:20
845,Armstrong,Tritten,atrittenng@webeden.co.uk,Male,6001,9LJHX0GPM1,2019-03-19T12:01:46
846,Estell,Eastop,eeastopnh@msu.edu,Female,,25RTCSOVLY,2018-11-19T08:51:26
847,Hamlen,Jeacop,hjeacopni@ameblo.jp,Male,,7S63AR169T,2018-11-07T00:59:00
848,Christy,Baytrop,cbaytropnj@ehow.com,Female,7306,SD0YV9F8O1,2019-02-23T12:07:39
849,Everett,Fourman,efourmannk@webmd.com,Male,10040,JEB4DOEYZU,2019-01-27T22:37:17
850,Shaughn,Limerick,slimericknl@telegraph.co.uk,Male,,6ZFGMWBRVW,2019-02-25T18:11:09
851,Rosanna,Turk,rturknm@baidu.com,Female,,E2T90F2F6W,2018-11-16T03:21:03
852,Beaufort,Gusney,bgusneynn@msn.com,Male,,0QVUZF7Z6M,2019-03-15T02:44:55
853,Latashia,Laste,llasteno@wix.com,Female,,7KFQ2830QI,2019-02-05T00:23:32
854,Trip,Roylance,troylancenp@shareasale.com,Male,14276,ON4FJ9E1G0,2018-11-12T10:53:30
855,Parnell,McLice,pmclicenq@shinystat.com,Male,,AQ09UAPR4G,2018-12-06T23:16:14
856,Dallas,Perett,dperettnr@cyberchimps.com,Male,,U47O8DE2GJ,2018-11-16T14:52:26
857,Talbot,Tewkesbury,ttewkesburyns@businessweek.com,Male,,G0YW6P3YYP,2018-12-23T07:24:40
858,Merv,Kornyakov,mkornyakovnt@theguardian.com,Male,,XPTRK8G8UA,2018-12-19T11:04:35
859,Hunter,Brownbridge,hbrownbridgenu@usgs.gov,Male,,VFRMXPR8U2,2018-12-15T14:12:49
860,Zorah,Basant,zbasantnv@mysql.com,Female,,QWVCN84TGG,2019-01-23T10:35:28
861,Oran,Iddon,oiddonnw@independent.co.uk,Male,,7TA7KPUTN1,2018-11-25T16:14:05
862,Kevyn,Paris,kparisnx@epa.gov,Female,,40MTUKMNRB,2018-11-14T19:17:17
863,Stefan,Gullane,sgullaneny@accuweather.com,Male,33-395,2QFZ3CD6GA,2018-11-20T10:54:53
864,Roderich,Dalgarno,rdalgarnonz@mail.ru,Male,06300-000,SV0K7Z1L21,2019-02-09T10:08:15
865,Fran,Mellor,fmelloro0@tiny.cc,Female,,5O7RHLDSO0,2019-02-02T19:51:03
866,Jennine,Yuryev,jyuryevo1@tumblr.com,Female,,WS52OELQRX,2018-11-11T21:04:19
867,Avivah,Brokenshaw,abrokenshawo2@homestead.com,Female,,2TKORREKKC,2019-03-03T05:32:15
868,Cecilio,Beamish,cbeamisho3@google.pl,Male,70630,CCFPQU5KKC,2018-12-11T00:34:32
869,Lancelot,Caress,lcaresso4@fda.gov,Male,,U0HOEFDX6D,2018-12-30T12:50:33
870,Kip,Maggill'Andreis,kmaggillandreiso5@opera.com,Female,,L17U4H7O0U,2019-01-29T17:48:55
871,Dalt,Scarff,dscarffo6@wisc.edu,Male,,S73K4X69NN,2019-01-16T14:08:41
872,Hinda,Rousel,hrouselo7@google.com.br,Female,25609 CEDEX,2SJ5Z0XH8K,2019-02-01T22:08:49
873,Zach,Trumpeter,ztrumpetero8@plala.or.jp,Male,,6APHWQZ0FF,2019-03-02T22:59:55
874,Carlynn,Luty,clutyo9@virginia.edu,Female,,FBE2JEGTU6,2018-12-29T05:55:36
875,Terra,Pollastrino,tpollastrinooa@lycos.com,Female,,LTYZJV5MB1,2019-01-06T23:36:53
876,Dinny,Depport,ddepportob@redcross.org,Female,,1W21CSWSZU,2019-02-14T09:56:03
877,Phaedra,Surman,psurmanoc@berkeley.edu,Female,,J640HWQ2W6,2018-12-23T07:41:48
878,Kristy,Valenti,kvalentiod@house.gov,Female,365-0024,XI206788ME,2019-01-12T00:05:44
879,Wes,Minico,wminicooe@slate.com,Male,,8DB9390VF0,2019-03-10T01:33:41
880,Elia,Fraanchyonok,efraanchyonokof@mail.ru,Male,404264,EVVH5R70QQ,2019-01-05T20:25:35
881,Virgie,Scamal,vscamalog@indiegogo.com,Male,453703,IHGMK6JKX6,2019-01-25T06:04:45
882,Artie,McGaughay,amcgaughayoh@uol.com.br,Male,,1LHM6SUXN2,2019-01-10T00:09:54
883,Rupert,Deaton,rdeatonoi@google.ru,Male,352720,K29PN297A3,2019-03-09T02:40:40
884,Sharity,Phifer,sphiferoj@4shared.com,Female,366311,YSWE9LV936,2019-03-16T10:24:48
885,Haleigh,Wyant,hwyantok@xinhuanet.com,Male,5408,JZNQ8HFSEL,2019-03-10T06:09:55
886,Clement,McDuall,cmcduallol@discovery.com,Male,,2PXHXTSCUJ,2019-01-25T19:17:33
887,Taylor,Buchett,tbuchettom@about.com,Male,,UF1XIDJ82H,2018-11-30T11:42:16
888,Bel,Bern,bbernon@thetimes.co.uk,Female,,FT0B6BVQZF,2018-11-11T22:07:18
889,Afton,Le Grand,alegrandoo@latimes.com,Female,,5T47R1B2YX,2018-11-22T15:40:11
890,Lonni,Simmank,lsimmankop@meetup.com,Female,,P4UEGAXHRK,2018-12-27T08:09:54
891,Revkah,Crafts,rcraftsoq@cpanel.net,Female,,E5NQS59KHM,2018-10-29T21:14:28
892,Shannon,Jaffrey,sjaffreyor@wsj.com,Male,3156,VWS91KEGOP,2018-12-27T16:13:26
893,Wendy,Coils,wcoilsos@paginegialle.it,Female,7213,SJ0Z0QI3DL,2019-01-20T10:12:23
894,Orella,Hupe,ohupeot@alexa.com,Female,,XGY74OMZLK,2019-02-04T18:01:55
895,Chad,Crowcroft,ccrowcroftou@bluehost.com,Male,66-302,KI2NWLVLHE,2019-01-14T20:25:14
896,Christoffer,Filippov,cfilippovov@ovh.net,Male,3723,CU2BMS6879,2018-11-16T15:01:52
897,Charley,Alchin,calchinow@weibo.com,Male,1477,6V0PVSFKFZ,2018-12-03T04:28:47
898,Shani,Padell,spadellox@fastcompany.com,Female,396907,E5UWVFU46M,2019-01-24T17:38:35
899,Nan,Duham,nduhamoy@hc360.com,Female,56-306,ABDMBG52Q3,2018-11-11T22:25:21
900,Helen-elizabeth,Gresley,hgresleyoz@nature.com,Female,4220,WZ8RPTBJB5,2019-03-20T12:08:35
901,Leonidas,Bonson,lbonsonp0@elegantthemes.com,Male,,1OXSVRIE9V,2019-03-21T11:45:52
902,Clayborne,Rilings,crilingsp1@unicef.org,Male,,IQIL10CLPB,2018-12-30T20:25:30
903,Dukey,Ivanitsa,divanitsap2@goodreads.com,Male,,4W5YI8DTW5,2019-01-22T10:07:15
904,Simeon,Pyett,spyettp3@t.co,Male,95611 CEDEX,5DTXY7LTQ9,2019-01-17T18:33:19
905,Kennan,Grigoryov,kgrigoryovp4@1688.com,Male,,28I4LLFT7U,2018-12-17T14:25:40
906,Davy,Bencher,dbencherp5@globo.com,Male,5103,Y9HRSRU0F7,2018-12-10T03:56:11
907,Magdaia,Fullerton,mfullertonp6@smh.com.au,Female,,UXP54PBFD8,2019-01-01T17:22:48
908,Arthur,Spillman,aspillmanp7@rambler.ru,Male,,RWGGYN8YOB,2018-11-26T23:14:33
909,Deva,Cohen,dcohenp8@toplist.cz,Female,,2P2EHDEAAE,2019-03-18T19:01:32
910,Sheilakathryn,Bartolijn,sbartolijnp9@unc.edu,Female,,WNBAI6SUL1,2018-12-17T06:30:26
911,Hannis,Maslin,hmaslinpa@odnoklassniki.ru,Female,,2ZWCZP58OP,2019-01-27T08:11:42
912,Zak,Pashen,zpashenpb@bing.com,Male,,QPTNB2V79D,2018-11-22T14:41:47
913,Gayle,Keyme,gkeymepc@nytimes.com,Female,,5CNIJ57AD1,2018-12-31T04:15:45
914,Mathe,Alchin,malchinpd@google.co.jp,Male,,JB5I6LLVE0,2018-12-11T15:14:25
915,Gregorio,McInerney,gmcinerneype@google.ca,Male,,OAC90VCGIM,2019-02-27T21:56:03
916,Dorie,Raspin,draspinpf@bbb.org,Female,,NWOCNKGKNX,2018-11-16T02:04:00
917,Emanuele,Fleote,efleotepg@ibm.com,Male,,AOITSUAPAV,2019-02-22T20:32:50
918,Tabbatha,Himsworth,thimsworthph@nyu.edu,Female,,ACCA83U1M8,2018-11-17T15:37:12
919,Erena,Romanski,eromanskipi@blogs.com,Female,6109,NWX2O9NSYS,2019-01-06T04:30:36
920,Risa,Sabben,rsabbenpj@dailymotion.com,Female,,5U9TJ26KXB,2019-03-06T07:59:45
921,Adina,Daton,adatonpk@chron.com,Female,,XV3I3WZH8G,2019-02-28T08:06:36
922,Augusto,Durtnell,adurtnellpl@g.co,Male,69190-000,D3R85TNTWJ,2018-11-14T09:41:15
923,Meir,Vakhonin,mvakhoninpm@ox.ac.uk,Male,,NGQAHOCJOE,2019-02-22T03:01:24
924,Christalle,Powdrell,cpowdrellpn@chron.com,Female,,XZ2GIL1FEG,2018-11-23T14:33:31
925,Marchelle,Maddrell,mmaddrellpo@mediafire.com,Female,,7YRSKQ9DKB,2018-12-20T12:29:20
926,Markus,Ferrini,mferrinipp@sohu.com,Male,4325,TOOZ6008MR,2018-11-27T03:08:34
927,Reynard,D'Emanuele,rdemanuelepq@barnesandnoble.com,Male,,INNZVLZ45H,2019-02-21T22:25:56
928,Casar,Scholfield,cscholfieldpr@ustream.tv,Male,662514,YEODJRSH19,2019-03-05T00:33:44
929,Nannie,Dungey,ndungeyps@squidoo.com,Female,,QJW7OTR0PS,2019-02-08T08:53:57
930,Jeanine,Bimrose,jbimrosept@t.co,Female,,6FBBCRVZQD,2019-01-17T22:27:57
931,Antonius,Hugo,ahugopu@japanpost.jp,Male,4807,7CB5SA48JC,2019-01-08T12:16:03
932,Spence,Marusik,smarusikpv@webnode.com,Male,,1QTRUGRQ5Y,2019-03-16T11:02:27
933,Kingsley,Rains,krainspw@livejournal.com,Male,,FDAV2B6F9J,2018-12-02T14:39:02
934,Nichole,Sharphouse,nsharphousepx@blinklist.com,Female,,D15BX6HWLJ,2018-11-28T21:00:04
935,Jasun,Kuzemka,jkuzemkapy@rakuten.co.jp,Male,33158,LDVL4GJ0HM,2019-01-30T13:24:33
936,Nicoline,Godwin,ngodwinpz@miibeian.gov.cn,Female,,XRQCX5OIYB,2019-01-09T11:54:06
937,Margo,Dinzey,mdinzeyq0@youtu.be,Female,,QK4XI2H3NK,2018-12-21T05:14:28
938,Emlynn,Stennine,estennineq1@nba.com,Female,,H4TMJORD7W,2018-12-27T20:12:06
939,Morna,Millbank,mmillbankq2@ustream.tv,Female,22-672,3LBWGESC2B,2019-02-06T06:10:25
940,Giustino,Brunroth,gbrunrothq3@people.com.cn,Male,01760,CJKSYE56OC,2018-12-02T12:25:42
941,Gris,Maulkin,gmaulkinq4@ifeng.com,Male,,87QT085N7I,2019-01-26T14:21:41
942,West,D'Cruze,wdcruzeq5@dailymotion.com,Male,,RNJVN3EAIC,2018-12-04T07:34:23
943,Lynsey,Learmonth,llearmonthq6@sciencedirect.com,Female,1098,LQB3XLAZUW,2019-02-10T22:19:23
944,Claudell,Bartleman,cbartlemanq7@mapy.cz,Male,166004,2OEH49ERZ2,2019-02-21T19:58:54
945,Yurik,Corry,ycorryq8@dedecms.com,Male,,JM869RE71L,2018-11-15T21:20:17
946,Jessamyn,Duthie,jduthieq9@unblog.fr,Female,68069 CEDEX 2,EVKF00B6Q4,2018-12-12T23:24:11
947,Steffane,Hawson,shawsonqa@godaddy.com,Female,,LI9DNJNDRR,2018-11-09T13:10:19
948,Morna,Gibling,mgiblingqb@friendfeed.com,Female,5021,PVGSHSV2X5,2018-12-18T20:45:53
949,Austin,Cota,acotaqc@list-manage.com,Female,,2270CUMWKW,2019-01-16T05:22:31
950,Wolf,Rontsch,wrontschqd@paypal.com,Male,153608,W5D2BLWVVS,2019-01-12T22:35:32
951,Tam,Yven,tyvenqe@squidoo.com,Male,1225,9W032KZRWK,2018-12-19T16:03:55
952,Giacopo,Wooller,gwoollerqf@feedburner.com,Male,,8L2DIFL59L,2019-02-21T04:54:59
953,Velma,Scaife,vscaifeqg@toplist.cz,Female,7875-354,EANXV3K5L4,2018-12-10T16:21:59
954,Benton,Felgat,bfelgatqh@jimdo.com,Male,661 42,AZLA8MN4BM,2018-12-01T18:55:45
955,Maris,O'Neary,monearyqi@deviantart.com,Female,3190,0LGUF93QGX,2018-11-08T09:55:19
956,Amelita,Manueli,amanueliqj@tmall.com,Female,,IZVR2HE5V5,2019-02-07T13:16:49
957,Fidole,MacLaig,fmaclaigqk@google.fr,Male,,44JIE75KGA,2019-02-18T05:38:32
958,Mellicent,Dietmar,mdietmarql@biglobe.ne.jp,Female,,M907A63RWI,2018-12-13T19:09:36
959,Lombard,Kornalik,lkornalikqm@gizmodo.com,Male,,0L0EV8B4DT,2018-11-16T21:23:22
960,Aldridge,Augur,aaugurqn@jugem.jp,Male,3403,ETMYF1L614,2019-01-03T00:07:57
961,Anita,Porker,aporkerqo@addthis.com,Female,,2TBN1I7NLK,2018-11-18T08:03:40
962,Cinderella,Acors,cacorsqp@clickbank.net,Female,,JUYHNMY9H3,2019-01-04T14:43:09
963,Tansy,Dymott,tdymottqq@multiply.com,Female,,JO147QW9FW,2019-02-20T18:46:06
964,Bev,Ewart,bewartqr@auda.org.au,Male,92645,7KBZOUPA39,2018-12-09T19:09:05
965,Berny,Lethley,blethleyqs@tiny.cc,Male,,LPEW3TRBH7,2018-12-25T13:51:49
966,Brannon,Antognelli,bantognelliqt@npr.org,Male,,YQOOSJUSH1,2018-12-25T00:01:34
967,Lovell,Haacker,lhaackerqu@go.com,Male,,SU4YVFJN61,2019-01-07T08:23:03
968,Cortney,Schmidt,cschmidtqv@360.cn,Female,4415,SLSNW5OCJ8,2019-01-22T14:12:32
969,Dory,MacDirmid,dmacdirmidqw@webnode.com,Male,,EV6GKE0QE7,2018-11-07T03:41:39
970,Gianni,Fowley,gfowleyqx@zimbio.com,Male,,ZTR2Z3TVH0,2019-02-12T10:48:25
971,Nell,Benediktovich,nbenediktovichqy@simplemachines.org,Female,,VX1ZGVHUU3,2019-03-20T09:14:16
972,Pietro,Parkey,pparkeyqz@geocities.jp,Male,,2K70OXIG21,2019-01-16T01:17:26
973,Maude,Ainsley,mainsleyr0@slideshare.net,Female,,CAU2NEBL1K,2019-03-15T03:30:14
974,Marve,Boam,mboamr1@goo.gl,Male,,I5CXICAR0X,2019-02-05T13:51:42
975,Lorena,Penrose,lpenroser2@vistaprint.com,Female,,V6IZ2QII4I,2018-11-27T17:43:52
976,Vernen,Virr,vvirrr3@narod.ru,Male,251257,TJNPJ9JBUL,2018-12-22T00:06:50
977,Ardella,Guyver,aguyverr4@tripadvisor.com,Female,2907,FQWBT5CX37,2019-01-09T02:45:00
978,Mabel,O'Corren,mocorrenr5@mapquest.com,Female,1610,KJ3OZB7MZO,2019-02-24T02:59:04
979,Lemmy,Stolting,lstoltingr6@nationalgeographic.com,Male,,N3NT4F43TE,2018-11-13T07:28:11
980,Ed,McGavigan,emcgaviganr7@house.gov,Male,603098,57UJ7RUUA6,2018-10-31T11:47:24
981,Dehlia,Caldecutt,dcaldecuttr8@chron.com,Female,,PKYGQFEZGB,2019-01-29T22:16:52
982,Kaia,Loughman,kloughmanr9@netlog.com,Female,441 28,3LZSSN6QN5,2019-03-14T11:37:06
983,Cindy,Pagram,cpagramra@bloglines.com,Female,455-0054,WI2CKIOAX7,2019-02-20T12:24:01
984,Corella,Spire,cspirerb@economist.com,Female,,IGQO13LCP5,2019-02-12T01:29:20
985,Hillary,Warman,hwarmanrc@prlog.org,Female,97159 CEDEX,VZM3ESPNWK,2018-11-13T12:38:54
986,Nicoli,Dering,nderingrd@canalblog.com,Female,,3Q88ZPWVQP,2018-12-24T19:34:41
987,Jodie,Strang,jstrangre@answers.com,Female,,V6122LXLT3,2018-12-03T21:49:47
988,Barby,Guillou,bguillourf@sbwire.com,Female,895-2635,ZZGCP6FOHE,2018-11-06T14:52:06
989,Standford,Coudray,scoudrayrg@guardian.co.uk,Male,2380-159,M2V6D5ZS1T,2018-12-05T20:44:23
990,Winfred,Meuse,wmeuserh@photobucket.com,Male,911018,OE7R88CQSP,2018-11-10T16:49:52
991,April,Cleaton,acleatonri@tripadvisor.com,Female,675 51,2MKOGQCV8B,2018-12-01T23:55:55
992,Nelson,Swancott,nswancottrj@dailymail.co.uk,Male,721 27,22I6JRVO8L,2018-10-25T16:29:43
993,Bartlet,Farries,bfarriesrk@behance.net,Male,174420,IMFQ8DAMR1,2019-02-04T19:01:22
994,Garv,Beville,gbevillerl@vinaora.com,Male,33023,GXX8XRUAWD,2019-01-11T21:37:34
995,Robinette,Utterson,ruttersonrm@cdc.gov,Female,61300,HEWYBU7BOM,2019-01-29T03:34:13
996,Lucian,Swindle,lswindlern@hatena.ne.jp,Male,,M1Y82TECFF,2018-12-14T16:50:11
997,Dynah,Marple,dmarplero@nbcnews.com,Female,88980,KTKOAD1LOM,2018-11-22T18:49:17
998,Aida,Chinn,achinnrp@so-net.ne.jp,Female,,V222UAFT96,2018-12-22T11:03:02
999,Reid,Jerrans,rjerransrq@nationalgeographic.com,Male,,5A8IP2NMBG,2019-02-06T20:33:06
1000,Clarisse,Olexa,colexarr@ebay.co.uk,Female,,95GKWFIS0C,2019-02-09T16:11:47
1001,Toshi,Tanaka,toshitanaka@hotmail.com,Male,,65GQTFIS0F,2019-03-09T16:11:47
1002,Arya,Ghiradelli,arya-6789@yahoo.com,Female,95035,6TYU65IM2V,2011-02-12T18:30:47
